-- MySQL dump 10.13  Distrib 5.1.69, for redhat-linux-gnu (x86_64)
--
-- Host: localhost    Database: ossec
-- ------------------------------------------------------
-- Server version	5.1.69

/*!40101 SET @OLD_CHARACTER_SET_CLIENT=@@CHARACTER_SET_CLIENT */;
/*!40101 SET @OLD_CHARACTER_SET_RESULTS=@@CHARACTER_SET_RESULTS */;
/*!40101 SET @OLD_COLLATION_CONNECTION=@@COLLATION_CONNECTION */;
/*!40101 SET NAMES utf8 */;
/*!40103 SET @OLD_TIME_ZONE=@@TIME_ZONE */;
/*!40103 SET TIME_ZONE='+00:00' */;
/*!40014 SET @OLD_UNIQUE_CHECKS=@@UNIQUE_CHECKS, UNIQUE_CHECKS=0 */;
/*!40014 SET @OLD_FOREIGN_KEY_CHECKS=@@FOREIGN_KEY_CHECKS, FOREIGN_KEY_CHECKS=0 */;
/*!40101 SET @OLD_SQL_MODE=@@SQL_MODE, SQL_MODE='NO_AUTO_VALUE_ON_ZERO' */;
/*!40111 SET @OLD_SQL_NOTES=@@SQL_NOTES, SQL_NOTES=0 */;

--
-- Table structure for table `agent`
--

DROP TABLE IF EXISTS `agent`;
/*!40101 SET @saved_cs_client     = @@character_set_client */;
/*!40101 SET character_set_client = utf8 */;
CREATE TABLE `agent` (
  `id` smallint(5) unsigned NOT NULL AUTO_INCREMENT,
  `server_id` smallint(5) unsigned NOT NULL,
  `last_contact` int(10) unsigned NOT NULL,
  `ip_address` int(10) unsigned NOT NULL,
  `version` varchar(32) NOT NULL,
  `name` varchar(64) NOT NULL,
  `information` varchar(128) NOT NULL,
  PRIMARY KEY (`id`,`server_id`)
) ENGINE=MyISAM DEFAULT CHARSET=latin1;
/*!40101 SET character_set_client = @saved_cs_client */;

--
-- Dumping data for table `agent`
--

LOCK TABLES `agent` WRITE;
/*!40000 ALTER TABLE `agent` DISABLE KEYS */;
/*!40000 ALTER TABLE `agent` ENABLE KEYS */;
UNLOCK TABLES;

--
-- Table structure for table `alert`
--

DROP TABLE IF EXISTS `alert`;
/*!40101 SET @saved_cs_client     = @@character_set_client */;
/*!40101 SET character_set_client = utf8 */;
CREATE TABLE `alert` (
  `id` int(10) unsigned NOT NULL,
  `server_id` smallint(5) unsigned NOT NULL,
  `rule_id` mediumint(8) unsigned NOT NULL,
  `timestamp` int(10) unsigned NOT NULL,
  `location_id` smallint(5) unsigned NOT NULL,
  `src_ip` int(10) unsigned DEFAULT NULL,
  `dst_ip` int(10) unsigned DEFAULT NULL,
  `src_port` smallint(5) unsigned DEFAULT NULL,
  `dst_port` smallint(5) unsigned DEFAULT NULL,
  `alertid` tinytext,
  PRIMARY KEY (`id`,`server_id`),
  KEY `time` (`timestamp`),
  KEY `rule_id` (`rule_id`),
  KEY `src_ip` (`src_ip`)
) ENGINE=MyISAM DEFAULT CHARSET=latin1;
/*!40101 SET character_set_client = @saved_cs_client */;

--
-- Dumping data for table `alert`
--

LOCK TABLES `alert` WRITE;
/*!40000 ALTER TABLE `alert` DISABLE KEYS */;
INSERT INTO `alert` VALUES (1,1,502,1412223240,1,0,0,0,0,'1412223239.0'),(2,1,10100,1412223265,2,3557836844,0,0,0,'1412223264.158'),(3,1,5501,1412223265,2,0,0,0,0,'1412223264.472'),(4,1,5501,1412223270,2,0,0,0,0,'1412223266.743'),(5,1,5901,1412223665,2,0,0,0,0,'1412223661.1011'),(6,1,5902,1412223665,2,0,0,0,0,'1412223661.1244'),(7,1,5555,1412223670,2,0,0,0,0,'1412223667.1519'),(8,1,5903,1412223710,2,0,0,0,0,'1412223709.1750'),(9,1,516,1412223730,3,0,0,0,0,'1412223725.1974'),(10,1,516,1412223730,3,0,0,0,0,'1412223725.2173'),(11,1,516,1412223730,3,0,0,0,0,'1412223726.2377'),(12,1,516,1412223730,3,0,0,0,0,'1412223726.2728'),(13,1,516,1412223730,3,0,0,0,0,'1412223726.3073'),(14,1,5502,1412225272,2,0,0,0,0,'1412225271.3421'),(15,1,5502,1412225272,2,0,0,0,0,'1412225271.3658'),(16,1,5502,1412225327,2,0,0,0,0,'1412225327.3884'),(17,1,5502,1412225327,2,0,0,0,0,'1412225327.4122'),(18,1,5715,1412227559,2,3557836844,0,0,0,'1412227555.4348'),(19,1,5501,1412227559,2,0,0,0,0,'1412227555.4660'),(20,1,5502,1412228985,2,0,0,0,0,'1412228985.4932'),(21,1,5715,1412238305,2,3557836844,0,0,0,'1412238301.5170'),(22,1,5501,1412238305,2,0,0,0,0,'1412238301.5482');
/*!40000 ALTER TABLE `alert` ENABLE KEYS */;
UNLOCK TABLES;

--
-- Table structure for table `category`
--

DROP TABLE IF EXISTS `category`;
/*!40101 SET @saved_cs_client     = @@character_set_client */;
/*!40101 SET character_set_client = utf8 */;
CREATE TABLE `category` (
  `cat_id` smallint(5) unsigned NOT NULL AUTO_INCREMENT,
  `cat_name` varchar(32) NOT NULL,
  PRIMARY KEY (`cat_id`),
  UNIQUE KEY `cat_name` (`cat_name`),
  KEY `cat_name_2` (`cat_name`)
) ENGINE=MyISAM AUTO_INCREMENT=141 DEFAULT CHARSET=latin1;
/*!40101 SET character_set_client = @saved_cs_client */;

--
-- Dumping data for table `category`
--

LOCK TABLES `category` WRITE;
/*!40000 ALTER TABLE `category` DISABLE KEYS */;
INSERT INTO `category` VALUES (1,'syslog'),(2,'firewall'),(3,'ids'),(4,'web-log'),(5,'squid'),(6,'windows'),(7,'ossec'),(8,'pam'),(9,'authentication_success'),(10,'authentication_failed'),(11,'invalid_login'),(12,'authentication_failures'),(13,'sshd'),(14,'recon'),(15,'exploit_attempt'),(16,'telnetd'),(17,'errors'),(18,'low_diskspace'),(19,'service_availability'),(20,'nfs'),(21,'xinetd'),(22,'access_control'),(23,'access_denied'),(24,'connection_attempt'),(25,'mail'),(26,'smartd'),(27,'linuxkernel'),(28,'promisc'),(29,'system_shutdown'),(30,'cron'),(31,'su'),(32,'tripwire'),(33,'adduser'),(34,'sudo'),(35,'pptp'),(36,'fts'),(37,'dpkg'),(38,'config_changed'),(39,'yum'),(40,'arpwatch'),(41,'new_host'),(42,'ip_spoof'),(43,'symantec'),(44,'virus'),(45,'pix'),(46,'account_changed'),(47,'system_error'),(48,'named'),(49,'invalid_access'),(50,'client_misconfig'),(51,'smbd'),(52,'vsftpd'),(53,'pure-ftpd'),(54,'proftpd'),(55,'msftp'),(56,'ftpd'),(57,'hordeimp'),(58,'roundcube'),(59,'wordpress'),(60,'cimserver'),(61,'vpopmail'),(62,'vm-pop3d'),(63,'courier'),(64,'web'),(65,'accesslog'),(66,'attack'),(67,'sql_injection'),(68,'web_scan'),(69,'sqlinjection'),(70,'appsec'),(71,'apache'),(72,'automatic_attack'),(73,'unknown_resource'),(74,'invalid_request'),(75,'mysql_log'),(76,'postgresql_log'),(77,'firewall_drop'),(78,'multiple_drops'),(79,'cisco_ios'),(80,'netscreenfw'),(81,'sonicwall'),(82,'postfix'),(83,'spam'),(84,'multiple_spam'),(85,'sendmail'),(86,'smf-sav'),(87,'imapd'),(88,'mailscanner'),(89,'dovecot'),(90,'ms'),(91,'exchange'),(92,'racoon'),(93,'cisco_vpn'),(94,'spamd'),(95,'win_authentication_failed'),(96,'policy_changed'),(97,'group_changed'),(98,'win_group_changed'),(99,'logs_cleared'),(100,'login_denied'),(101,'time_changed'),(102,'group_created'),(103,'win_group_created'),(104,'group_deleted'),(105,'win_group_deleted'),(106,'attacks'),(107,'mcafee'),(108,'trend_micro'),(109,'ocse'),(110,'ocsevirus'),(111,'mse'),(112,'zeus'),(113,'solaris_bsm'),(114,'vmware'),(115,'dhcp'),(116,'service_start'),(117,'dhcp_lease_action'),(118,'dhcp_dns_maintenance'),(119,'dhcp_maintenance'),(120,'dhcp_rogue_server'),(121,'dhcp_ipv6'),(122,'asterisk'),(123,'rootcheck'),(124,'syscheck'),(125,'process_monitor'),(126,'agentless'),(127,'hostinfo'),(128,'active_response'),(129,'elevation_of_privilege'),(130,'local'),(131,'openbsd'),(132,'openbsdgroupdel'),(133,'openbsdaccount_changed'),(134,'clamd'),(135,'freshclam'),(136,'dropbear'),(137,'dropbearauthentication_failed'),(138,'dropbearauthentication_failures'),(139,'dropbearrecon'),(140,'dropbearauthentication_success');
/*!40000 ALTER TABLE `category` ENABLE KEYS */;
UNLOCK TABLES;

--
-- Table structure for table `data`
--

DROP TABLE IF EXISTS `data`;
/*!40101 SET @saved_cs_client     = @@character_set_client */;
/*!40101 SET character_set_client = utf8 */;
CREATE TABLE `data` (
  `id` int(10) unsigned NOT NULL,
  `server_id` smallint(5) unsigned NOT NULL,
  `user` text NOT NULL,
  `full_log` text NOT NULL,
  `timestamp` timestamp NOT NULL DEFAULT CURRENT_TIMESTAMP ON UPDATE CURRENT_TIMESTAMP,
  PRIMARY KEY (`id`,`server_id`),
  KEY `time` (`timestamp`)
) ENGINE=MyISAM DEFAULT CHARSET=latin1;
/*!40101 SET character_set_client = @saved_cs_client */;

--
-- Dumping data for table `data`
--

LOCK TABLES `data` WRITE;
/*!40000 ALTER TABLE `data` DISABLE KEYS */;
INSERT INTO `data` VALUES (1,1,'(null)','ossec: Ossec started.','2014-10-02 04:14:00'),(2,1,'nocapac','Oct  2 12:14:23 lintoolsga02 sshd[10806]: Accepted password for nocapac from 212.16.72.44 port 57771 ssh2','2014-10-02 04:14:25'),(3,1,'(null)','Oct  2 12:14:23 lintoolsga02 sshd[10806]: pam_unix(sshd:session): session opened for user nocapac by (uid=0)','2014-10-02 04:14:25'),(4,1,'(null)','Oct  2 12:14:26 lintoolsga02 su: pam_unix(su-l:session): session opened for user root by nocapac(uid=203)','2014-10-02 04:14:30'),(5,1,'(null)','Oct  2 12:20:59 lintoolsga02 useradd[10919]: new group: name=abc, GID=10005','2014-10-02 04:21:05'),(6,1,'(null)','Oct  2 12:20:59 lintoolsga02 useradd[10919]: new user: name=abc, UID=10005, GID=10005, home=/home/abc, shell=/bin/bash','2014-10-02 04:21:05'),(7,1,'(null)','Oct  2 12:21:06 lintoolsga02 passwd: pam_unix(passwd:chauthtok): password changed for abc','2014-10-02 04:21:10'),(8,1,'(null)','Oct  2 12:21:47 lintoolsga02 userdel[10937]: delete user `abc`','2014-10-02 04:21:50'),(9,1,'(null)','System Audit: PHP - Expose PHP is enabled. File: /etc/php.ini.','2014-10-02 04:22:10'),(10,1,'(null)','System Audit: PHP - Allow URL fopen is enabled. File: /etc/php.ini.','2014-10-02 04:22:10'),(11,1,'(null)','System Audit: Web exploits (uncommon file name inside htdocs) - Possible compromise. File: /var/www/html/yii-1.1.14.f0fee9/requirements/messages/id. Reference: http://www.ossec.net/wiki/index.php/WebAttacks_links .','2014-10-02 04:22:10'),(12,1,'(null)','System Audit: Web exploits (uncommon file name inside htdocs) - Possible compromise. File: /var/www/html/yii-1.1.14.f0fee9/framework/views/id. Reference: http://www.ossec.net/wiki/index.php/WebAttacks_links .','2014-10-02 04:22:10'),(13,1,'(null)','System Audit: Web exploits (uncommon file name inside htdocs) - Possible compromise. File: /var/www/html/yii-1.1.14.f0fee9/framework/messages/id. Reference: http://www.ossec.net/wiki/index.php/WebAttacks_links .','2014-10-02 04:22:10'),(14,1,'(null)','Oct  2 12:47:49 lintoolsga02 sshd[6833]: pam_unix(sshd:session): session closed for user nocapac','2014-10-02 04:47:52'),(15,1,'(null)','Oct  2 12:47:49 lintoolsga02 su: pam_unix(su-l:session): session closed for user root','2014-10-02 04:47:52'),(16,1,'(null)','Oct  2 12:48:46 lintoolsga02 sshd[10806]: pam_unix(sshd:session): session closed for user nocapac','2014-10-02 04:48:47'),(17,1,'(null)','Oct  2 12:48:46 lintoolsga02 su: pam_unix(su-l:session): session closed for user root','2014-10-02 04:48:47'),(18,1,'nocapac','Oct  2 13:25:54 lintoolsga02 sshd[12049]: Accepted password for nocapac from 212.16.72.44 port 36504 ssh2','2014-10-02 05:25:59'),(19,1,'(null)','Oct  2 13:25:54 lintoolsga02 sshd[12049]: pam_unix(sshd:session): session opened for user nocapac by (uid=0)','2014-10-02 05:25:59'),(20,1,'(null)','Oct  2 13:49:43 lintoolsga02 sshd[12049]: pam_unix(sshd:session): session closed for user nocapac','2014-10-02 05:49:45'),(21,1,'nocapac','Oct  2 16:24:59 lintoolsga02 sshd[13614]: Accepted password for nocapac from 212.16.72.44 port 38753 ssh2','2014-10-02 08:25:05'),(22,1,'(null)','Oct  2 16:24:59 lintoolsga02 sshd[13614]: pam_unix(sshd:session): session opened for user nocapac by (uid=0)','2014-10-02 08:25:05');
/*!40000 ALTER TABLE `data` ENABLE KEYS */;
UNLOCK TABLES;

--
-- Table structure for table `location`
--

DROP TABLE IF EXISTS `location`;
/*!40101 SET @saved_cs_client     = @@character_set_client */;
/*!40101 SET character_set_client = utf8 */;
CREATE TABLE `location` (
  `id` smallint(5) unsigned NOT NULL AUTO_INCREMENT,
  `server_id` smallint(5) unsigned NOT NULL,
  `name` varchar(128) NOT NULL,
  PRIMARY KEY (`id`,`server_id`)
) ENGINE=MyISAM AUTO_INCREMENT=4 DEFAULT CHARSET=latin1;
/*!40101 SET character_set_client = @saved_cs_client */;

--
-- Dumping data for table `location`
--

LOCK TABLES `location` WRITE;
/*!40000 ALTER TABLE `location` DISABLE KEYS */;
INSERT INTO `location` VALUES (1,1,'lintoolsga02->ossec-monitord'),(2,1,'lintoolsga02->/var/log/secure'),(3,1,'lintoolsga02->rootcheck');
/*!40000 ALTER TABLE `location` ENABLE KEYS */;
UNLOCK TABLES;

--
-- Table structure for table `server`
--

DROP TABLE IF EXISTS `server`;
/*!40101 SET @saved_cs_client     = @@character_set_client */;
/*!40101 SET character_set_client = utf8 */;
CREATE TABLE `server` (
  `id` smallint(5) unsigned NOT NULL AUTO_INCREMENT,
  `last_contact` int(10) unsigned NOT NULL,
  `version` varchar(32) NOT NULL,
  `hostname` varchar(64) NOT NULL,
  `information` varchar(128) NOT NULL,
  PRIMARY KEY (`id`),
  UNIQUE KEY `hostname` (`hostname`)
) ENGINE=MyISAM AUTO_INCREMENT=2 DEFAULT CHARSET=latin1;
/*!40101 SET character_set_client = @saved_cs_client */;

--
-- Dumping data for table `server`
--

LOCK TABLES `server` WRITE;
/*!40000 ALTER TABLE `server` DISABLE KEYS */;
INSERT INTO `server` VALUES (1,1412223228,'v2.8','lintoolsga02','Linux lintoolsga02 2.6.32-431.3.1.el6.x86_64 #1 SMP Fri Jan 3 21:39:27 UTC 2014 x86_64 - OSSEC HIDS v2.8');
/*!40000 ALTER TABLE `server` ENABLE KEYS */;
UNLOCK TABLES;

--
-- Table structure for table `signature`
--

DROP TABLE IF EXISTS `signature`;
/*!40101 SET @saved_cs_client     = @@character_set_client */;
/*!40101 SET character_set_client = utf8 */;
CREATE TABLE `signature` (
  `id` smallint(5) unsigned NOT NULL AUTO_INCREMENT,
  `rule_id` mediumint(8) unsigned NOT NULL,
  `level` tinyint(3) unsigned DEFAULT NULL,
  `description` varchar(255) NOT NULL,
  PRIMARY KEY (`id`),
  UNIQUE KEY `rule_id` (`rule_id`),
  KEY `level` (`level`),
  KEY `rule_id_2` (`rule_id`)
) ENGINE=MyISAM AUTO_INCREMENT=1005 DEFAULT CHARSET=latin1;
/*!40101 SET character_set_client = @saved_cs_client */;

--
-- Dumping data for table `signature`
--

LOCK TABLES `signature` WRITE;
/*!40000 ALTER TABLE `signature` DISABLE KEYS */;
INSERT INTO `signature` VALUES (1,1,0,'Generic template for all syslog rules.'),(2,2,0,'Generic template for all firewall rules.'),(3,3,0,'Generic template for all ids rules.'),(4,4,0,'Generic template for all web rules.'),(5,5,0,'Generic template for all web proxy rules.'),(6,6,0,'Generic template for all windows rules.'),(7,7,0,'Generic template for all ossec rules.'),(8,5500,0,'Grouping of the pam_unix rules.'),(9,5501,3,'Login session opened.'),(10,5502,3,'Login session closed.'),(11,5503,5,'User login failed.'),(12,5504,5,'Attempt to login with an invalid user.'),(13,5521,0,'Ignoring Annoying Ubuntu/debian cron login events.'),(14,5522,0,'Ignoring Annoying Ubuntu/debian cron login events.'),(15,5523,0,'Ignoring events with a user or a password.'),(16,5551,10,'Multiple failed logins in a small period of time.'),(17,5552,0,'PAM and gdm are not playing nicely.'),(18,5553,4,'PAM misconfiguration.'),(19,5554,4,'PAM misconfiguration.'),(20,5555,3,'User changed password.'),(21,5700,0,'SSHD messages grouped.'),(22,5701,8,'Possible attack on the ssh server (or version gathering).'),(23,5702,5,'Reverse lookup error (bad ISP or attack).'),(24,5703,10,'Possible breakin attempt (high number of reverse lookup errors).'),(25,5704,4,'Timeout while logging in (sshd).'),(26,5705,10,'Possible scan or breakin attempt (high number of login timeouts).'),(27,5706,6,'SSH insecure connection attempt (scan).'),(28,5707,14,'OpenSSH challenge-response exploit.'),(29,5709,0,'Useless SSHD message without an user/ip and context.'),(30,5710,5,'Attempt to login using a non-existent user'),(31,5711,0,'Useless/Duplicated SSHD message without a user/ip.'),(32,5712,10,'SSHD brute force trying to get access to the system.'),(33,5713,6,'Corrupted bytes on SSHD.'),(34,5714,14,'SSH CRC-32 Compensation attack'),(35,5715,3,'SSHD authentication success.'),(36,5716,5,'SSHD authentication failed.'),(37,5717,4,'SSHD configuration error (moduli).'),(38,5718,5,'Attempt to login using a denied user.'),(39,5719,10,'Multiple access attempts using a denied user.'),(40,5720,10,'Multiple SSHD authentication failures.'),(41,5721,0,'System disconnected from sshd.'),(42,5722,0,'ssh connection closed.'),(43,5723,0,'SSHD key error.'),(44,5724,0,'SSHD key error.'),(45,5725,0,'Host ungracefully disconnected.'),(46,5726,5,'Unknown PAM module, PAM misconfiguration.'),(47,5727,0,'Attempt to start sshd when something already bound to the port.'),(48,5728,4,'Authentication services were not able to retrieve user credentials.'),(49,5729,0,'Debug message.'),(50,5730,4,'SSHD is not accepting connections.'),(51,5731,6,'SSH Scanning.'),(52,5732,0,'Possible port forwarding failure.'),(53,5733,0,'User entered incorrect password.'),(54,5734,0,'sshd could not load one or more host keys.'),(55,5735,0,'Failed write due to one host disappearing.'),(56,5736,0,'Connection reset or aborted.'),(57,5737,5,'sshd cannot bind to configured address.'),(58,5738,5,'pam_loginuid could not open loginuid.'),(59,5739,4,'SSHD configuration error (AuthorizedKeysCommand)'),(60,5740,4,'ssh connection reset by peer'),(61,5741,4,'ssh connection refused'),(62,5742,4,'ssh connection timed out'),(63,5743,4,'ssh no route to host'),(64,5744,4,'ssh port forwarding issue'),(65,5745,4,'ssh transport endpoint is not connected'),(66,5746,4,'ssh get_remote_port failed'),(67,5747,6,'ssh bad client public DH value [preauth]'),(68,5748,6,'ssh corrupted MAC on input'),(69,5749,4,'ssh bad packet length'),(70,5600,0,'Grouping for the telnetd rules'),(71,5601,5,'Connection refused by TCP Wrappers.'),(72,5602,3,'Remote host established a telnet connection.'),(73,5603,5,'Remote host invalid connection.'),(74,5604,5,'Reverse lookup error (bad hostname config).'),(75,5631,10,'Multiple connection attempts from same source (possible scan).'),(76,1001,2,'File missing. Root access unrestricted.'),(77,1002,2,'Unknown problem somewhere in the system.'),(78,1003,13,'Non standard syslog message (size too large).'),(79,1004,5,'Syslogd exiting (logging stopped).'),(80,1005,5,'Syslogd restarted.'),(81,1006,5,'Syslogd restarted.'),(82,1007,7,'File system full.'),(83,1008,5,'Process exiting (killed).'),(84,1009,0,'Ignoring known false positives on rule 1002..'),(85,2100,0,'NFS rules grouped.'),(86,2101,4,'Unable to mount the NFS share.'),(87,2102,4,'Unable to mount the NFS directory.'),(88,2103,4,'Unable to mount the NFS directory.'),(89,2104,2,'Automount informative message'),(90,2301,10,'Excessive number connections to a service.'),(91,2501,5,'User authentication failure.'),(92,2502,10,'User missed the password more than one time'),(93,2503,5,'Connection blocked by Tcp Wrappers.'),(94,2504,9,'Illegal root login. '),(95,2505,3,'Physical root login.'),(96,2506,3,'Pop3 Authentication passed.'),(97,2507,0,'OpenLDAP group.'),(98,2508,3,'OpenLDAP connection open.'),(99,2509,5,'OpenLDAP authentication failed.'),(100,2550,0,'rshd messages grouped.'),(101,2551,10,'Connection to rshd from unprivileged port. Possible network scan.'),(102,2701,0,'Ignoring procmail messages.'),(103,2800,0,'Pre-match rule for smartd.'),(104,2801,0,'Smartd Started but not configured'),(105,2802,0,'Smartd configuration problem'),(106,2803,0,'Device configured but not available to Smartd'),(107,5100,0,'Pre-match rule for kernel messages'),(108,5101,0,'Informative message from the kernel.'),(109,5102,0,'Informative message from the kernel'),(110,5103,9,'Error message from the kernel. Ping of death attack.'),(111,5104,8,'Interface entered in promiscuous(sniffing) mode.'),(112,5105,0,'Invalid request to /dev/fd0 (bug on the kernel).'),(113,5106,0,'NFS incompability between Linux and Solaris.'),(114,5107,0,'NFS incompability between Linux and Solaris.'),(115,5108,12,'System running out of memory. Availability of the system is in risk.'),(116,5109,4,'Kernel Input/Output error'),(117,5110,4,'IRC misconfiguration'),(118,5111,0,'Kernel device error.'),(119,5112,0,'Kernel usbhid probe error (ignored).'),(120,5113,7,'System is shutting down.'),(121,5130,7,'Monitor ADSL line is down.'),(122,5131,3,'Monitor ADSL line is up.'),(123,5200,0,'Ignoring hpiod for producing useless logs.'),(124,2830,0,'Crontab rule group.'),(125,2831,0,'Wrong crond configuration'),(126,2834,5,'Crontab opened for editing.'),(127,2832,5,'Crontab entry changed.'),(128,2833,8,'Root`s crontab entry changed.'),(129,5300,0,'Initial grouping for su messages.'),(130,5301,5,'User missed the password to change UID (user id).'),(131,5302,9,'User missed the password to change UID to root.'),(132,5303,3,'User successfully changed UID to root.'),(133,5304,3,'User successfully changed UID.'),(134,5305,4,'First time (su) is executed by user.'),(135,5306,0,'A user has attempted to su to an unknown class.'),(136,7101,8,'Problems with the tripwire checking'),(137,5901,8,'New group added to the system'),(138,5902,8,'New user added to the system'),(139,5903,2,'Group (or user) deleted from the system'),(140,5904,8,'Information from the user was changed'),(141,5400,0,'Initial group for sudo messages'),(142,5401,10,'Three failed attempts to run sudo'),(143,5402,3,'Successful sudo to ROOT executed'),(144,5403,4,'First time user executed sudo.'),(145,9100,0,'PPTPD messages grouped'),(146,9101,0,'PPTPD failed message (communication error)'),(147,9102,0,'PPTPD communication error'),(148,10100,4,'First time user logged in.'),(149,9200,0,'Squid syslog messages grouped'),(150,9201,0,'Squid debug message'),(151,2900,0,'Dpkg (Debian Package) log.'),(152,2901,3,'New dpkg (Debian Package) requested to install.'),(153,2902,7,'New dpkg (Debian Package) installed.'),(154,2903,7,'Dpkg (Debian Package) removed.'),(155,2930,0,'Yum logs.'),(156,2931,0,'Yum logs.'),(157,2932,7,'New Yum package installed.'),(158,2933,7,'Yum package updated.'),(159,2934,7,'Yum package deleted.'),(160,2935,0,'Grouping for the mptscrih rules.'),(161,2936,0,'Grouping for the mptbase rules.'),(162,2937,12,'Posible Disk failure. SCSI controller error.'),(163,2938,12,'SCSI RAID ARRAY ERROR, drive failed.'),(164,2939,12,'SCSI RAID is now in a degraded status.'),(165,7200,0,'Grouping of the arpwatch rules.'),(166,7201,4,'Arpwatch new host detected.'),(167,7202,9,'Arpwatch \"flip flop\" message. IP address/MAC relation changing too often.'),(168,7203,3,'Arpwatch exiting.'),(169,7204,9,'Changed network interface for ip address.'),(170,7205,0,'Arpwatch startup/exiting messages.'),(171,7206,0,'Arpwatch detected bad address len (ignored).'),(172,7207,1,'arpwatch probably run with wrong permissions'),(173,7208,1,'An IP has reverted to an old ethernet address.'),(174,7209,7,'Possible arpspoofing attempt.'),(175,7300,0,'Grouping of Symantec AV rules.'),(176,7301,0,'Grouping of Symantec AV rules from eventlog.'),(177,7310,9,'Virus detected.'),(178,7320,3,'Virus scan updated,started or stopped.'),(179,7400,0,'Grouping of Symantec Web Security rules.'),(180,7410,5,'Login failed accessing the web proxy.'),(181,7415,3,'Login success accessing the web proxy.'),(182,7420,3,'Admin Login success to the web proxy.'),(183,4300,0,'Grouping of PIX rules'),(184,4310,5,'PIX alert message.'),(185,4311,5,'PIX critical message.'),(186,4312,4,'PIX error message.'),(187,4313,4,'PIX warning message.'),(188,4314,0,'PIX notification/informational message.'),(189,4315,0,'PIX debug message.'),(190,4321,9,'Failed login attempt at the PIX firewall.'),(191,4322,3,'Privilege changed in the PIX firewall.'),(192,4323,3,'Successful login to the PIX firewall.'),(193,4324,9,'Password mismatch while running `enable` on the PIX.'),(194,4325,8,'ARP collision detected by the PIX.'),(195,4326,8,'Attempt to connect from a blocked (shunned) IP.'),(196,4327,8,'Connection limit exceeded.'),(197,4330,8,'Attack in progress detected by the PIX.'),(198,4331,8,'Attack in progress detected by the PIX.'),(199,4332,8,'Attack in progress detected by the PIX.'),(200,4333,8,'Attack in progress detected by the PIX.'),(201,4334,5,'AAA (VPN) authentication failed.'),(202,4335,3,'AAA (VPN) authentication successful.'),(203,4336,8,'AAA (VPN) user locked out.'),(204,4337,8,'The PIX is disallowing new connections.'),(205,4338,8,'Firewall failover pair communication problem.'),(206,4339,8,'Firewall configuration deleted.'),(207,4340,8,'Firewall configuration changed.'),(208,4341,3,'Firewall command executed (for accounting only).'),(209,4342,8,'User created or modified on the Firewall.'),(210,4380,10,'Multiple PIX alert messages.'),(211,4381,10,'Multiple PIX critical messages.'),(212,4382,10,'Multiple PIX error messages.'),(213,4383,10,'Multiple PIX warning messages.'),(214,4385,10,'Multiple attack in progress messages.'),(215,4386,10,'Multiple AAA (VPN) authentication failures.'),(216,12100,0,'Grouping of the named rules'),(217,12101,12,'Invalid DNS packet. Possibility of attack.'),(218,12102,9,'Failed attempt to perform a zone transfer.'),(219,12103,4,'DNS update denied. Generally mis-configuration.'),(220,12104,4,'Log permission misconfiguration in Named.'),(221,12105,4,'Unexpected error while resolving domain.'),(222,12106,4,'DNS configuration error.'),(223,12107,0,'DNS update using RFC2136 Dynamic protocol.'),(224,12108,0,'Query cache denied (probably config error).'),(225,12109,12,'Named fatal error. DNS service going down.'),(226,12110,8,'Serial number from master is lower than stored.'),(227,12111,8,'Unable to perform zone transfer.'),(228,12112,4,'Zone transfer error.'),(229,12113,0,'Zone transfer deferred.'),(230,12114,1,'Hostname contains characters that check-names does not like.'),(231,12115,0,'Zone transfer.'),(232,12116,1,'Syntax error in a named configuration file.'),(233,12117,1,'Zone transfer rety limit exceeded'),(234,12118,1,'Zone has been duplicated.'),(235,12119,3,'BIND has been started'),(236,12120,1,'Missing A or AAAA record'),(237,12121,1,'Zone has been removed from a master server'),(238,12122,1,'Origin of zone and owner name of SOA do not match.'),(239,12123,0,'Zone has been duplicated'),(240,12125,3,'BIND Configuration error.'),(241,12126,0,'Zone has been removed from a master server'),(242,12127,1,'Origin of zone and owner name of SOA do not match.'),(243,12128,1,'Zone transfer.'),(244,12129,4,'Zone transfer failed, unable to connect to master.'),(245,12130,2,'Could not listen on IPv6 interface.'),(246,12131,2,'Could not bind to an interface.'),(247,12132,0,'Master is not authoritative for zone.'),(248,12133,4,'Could not open configuration file, permission denied.'),(249,12134,4,'Could not open configuration file, permission denied.'),(250,12135,0,'Domain in SOA -E.'),(251,12136,4,'Master appears to be down.'),(252,12137,0,'Domain is queried for a zone transferred.'),(253,12138,0,'Domain A record found.'),(254,12139,3,'Bad zone transfer request.'),(255,12140,2,'Cannot refresh a domain from the master server.'),(256,12141,1,'Origin of zone and owner name of SOA do not match.'),(257,12142,0,'named command channel is listening.'),(258,12143,0,'named has created an automatic empty zone.'),(259,12144,9,'Server does not have enough memory to reload the configuration.'),(260,12145,1,'zone transfer denied'),(261,12146,0,'Cannot send a DNS response.'),(262,12147,0,'Cannot update forwarding domain.'),(263,12148,0,'Parsing of a configuration file has failed.'),(264,13100,0,'Grouping for the smbd rules.'),(265,13101,0,'Samba network problems.'),(266,13102,5,'Samba connection denied.'),(267,13103,0,'Samba network problems.'),(268,13104,5,'User action denied by configuration.'),(269,13105,3,'Samba network problems (unable to connect).'),(270,13106,0,'(null)'),(271,13108,1,'An attempt has been made to start smbd but the process is already running.'),(272,13109,1,'An attempt has been made to start nmbd but the process is already running.'),(273,13110,2,'Connection was denied.'),(274,13111,3,'Socket is not connected, write failed.'),(275,13112,3,'Segfault in gvfs-smb.'),(276,11400,0,'Grouping for the vsftpd rules.'),(277,11401,3,'FTP session opened.'),(278,11402,3,'FTP Authentication success.'),(279,11403,5,'Login failed accessing the FTP server.'),(280,11404,0,'FTP server file upload.'),(281,11451,10,'FTP brute force (multiple failed logins).'),(282,11452,10,'Multiple FTP connection attempts from same source IP.'),(283,11300,0,'Grouping for the pure-ftpd rules.'),(284,11301,3,'New FTP connection.'),(285,11302,5,'FTP Authentication failed.'),(286,11303,0,'FTP user logout/timeout'),(287,11304,0,'FTP notice messages'),(288,11305,5,'Attempt to access invalid directory'),(289,11306,10,'FTP brute force (multiple failed logins).'),(290,11307,10,'Multiple connection attempts from same source.'),(291,11309,3,'FTP Authentication success.'),(292,11310,0,'Rule grouping for pure ftpd transfers.'),(293,11311,0,'File added to ftpd.'),(294,11312,0,'File retrieved from ftpd.'),(295,11200,0,'Grouping for the proftpd rules.'),(296,11201,3,'FTP session opened.'),(297,11202,0,'FTP session closed.'),(298,11203,5,'Attempt to login using a non-existent user.'),(299,11204,5,'Login failed accessing the FTP server'),(300,11205,3,'FTP Authentication success.'),(301,11206,5,'Connection denied by ProFTPD configuration.'),(302,11207,5,'Connection refused by TCP Wrappers.'),(303,11208,4,'Small PassivePorts range in config file. Server misconfiguration.'),(304,11209,14,'Attempt to bypass firewall that can`t adequately keep state of FTP traffic.'),(305,11210,10,'Multiple failed login attempts.'),(306,11211,4,'Mismatch in server`s hostname.'),(307,11212,5,'Reverse lookup error (bad ISP config).'),(308,11213,3,'Remote host connected to FTP server.'),(309,11214,3,'Remote host disconnected due to inactivity.'),(310,11215,3,'Remote host disconnected due to login time out.'),(311,11216,3,'Remote host disconnected due to time out.'),(312,11217,3,'Data transfer stalled.'),(313,11218,12,'FTP process crashed.'),(314,11219,12,'FTP server Buffer overflow attempt.'),(315,11220,4,'Unable to bind to adress.'),(316,11221,0,'IPv6 error and mod-delay info (ignored).'),(317,11251,10,'FTP brute force (multiple failed logins).'),(318,11252,10,'Multiple connection attempts from same source.'),(319,11253,10,'Multiple timed out logins from same source.'),(320,11500,0,'Grouping for the Microsoft ftp rules.'),(321,11501,3,'New FTP connection.'),(322,11502,5,'FTP Authentication failed.'),(323,11503,3,'FTP Authentication success.'),(324,11504,4,'FTP client request failed.'),(325,11510,10,'FTP brute force (multiple failed logins).'),(326,11511,10,'Multiple connection attempts from same source.'),(327,11512,10,'Multiple FTP errors from same source.'),(328,11100,0,'Grouping for the ftpd rules.'),(329,11101,5,'FTP connection refused.'),(330,11102,0,'File created via FTP'),(331,11103,0,'File deleted via FTP'),(332,11104,0,'User uploaded a file to server.'),(333,11105,0,'User downloaded a file to server.'),(334,11106,3,'Remote host connected to FTP server.'),(335,11107,5,'Connection blocked by Tcp Wrappers.'),(336,11108,5,'Reverse lookup error (bad ISP config).'),(337,11109,10,'Multiple FTP failed login attempts.'),(338,11110,3,'User disconnected due to time out.'),(339,11111,9,'Attempt to login with disabled account.'),(340,11112,5,'FTP authentication failure.'),(341,11113,5,'FTP authentication failure.'),(342,9300,0,'Grouping for the Horde imp rules.'),(343,9301,0,'Horde IMP informational message.'),(344,9302,3,'Horde IMP notice message.'),(345,9303,5,'Horde IMP error message.'),(346,9304,9,'Horde IMP emergency message.'),(347,9305,3,'Horde IMP successful login.'),(348,9306,5,'Horde IMP Failed login.'),(349,9351,10,'Horde brute force (multiple failed logins).'),(350,9352,10,'Multiple Horde emergency messages.'),(351,9400,0,'Roundcube messages groupe.d'),(352,9401,5,'Roundcube authentication failed.'),(353,9402,3,'Roundcube authentication succeeded.'),(354,9500,0,'Wordpress messages grouped.'),(355,9501,5,'Wordpress authentication failed.'),(356,9502,3,'Wordpress authentication succeeded.'),(357,9503,3,'WPsyslog was successfully initialized.'),(358,9504,3,'Wordpress plugin deactivated.'),(359,9505,7,'Wordpress Comment Flood Attempt.'),(360,9510,7,'Attack against Wordpress detected.'),(361,9551,10,'Multiple wordpress authentication failures.'),(362,9600,0,'cimserver messages grouped.'),(363,9610,5,'Compaq Insight Manager authentication failure.'),(364,9611,12,'Compaq Insight Manager stopped.'),(365,9900,0,'Grouping for the vpopmail rules.'),(366,9901,5,'Login failed for vpopmail.'),(367,9902,5,'Attempt to login to vpopmail with invalid username.'),(368,9903,5,'Attempt to login to vpopmail with empty password.'),(369,9904,1,'Vpopmail successful login.'),(370,9951,10,'Vpopmail brute force (multiple failed logins).'),(371,9952,10,'Vpopmail brute force (email harvesting).'),(372,9953,10,'VPOPMAIL brute force (empty password).'),(373,9800,0,'Grouping for the vm-pop3d rules.'),(374,9801,5,'Login failed accessing the pop3 server.'),(375,9820,10,'POP3 brute force (multiple failed logins).'),(376,3900,0,'Grouping for the courier rules.'),(377,3901,3,'New courier (imap/pop3) connection.'),(378,3902,5,'Courier (imap/pop3) authentication failed.'),(379,3903,0,'Courier logout/timeout.'),(380,3904,3,'Courier (imap/pop3) authentication success.'),(381,3910,10,'Courier brute force (multiple failed logins).'),(382,3911,10,'Multiple connection attempts from same source.'),(383,31100,0,'Access log messages grouped.'),(384,31108,0,'Ignored URLs (simple queries).'),(385,31101,5,'Web server 400 error code.'),(386,31102,0,'Ignored extensions on 400 error codes.'),(387,31103,6,'SQL injection attempt.'),(388,31104,6,'Common web attack.'),(389,31105,6,'XSS (Cross Site Scripting) attempt.'),(390,31106,6,'A web attack returned code 200 (success).'),(391,31110,6,'PHP CGI-bin vulnerability attempt.'),(392,31109,6,'MSSQL Injection attempt (/ur.php, urchin.js)'),(393,31107,0,'Ignored URLs for the web attacks'),(394,31115,13,'URL too long. Higher than allowed on most browsers. Possible attack.'),(395,31120,5,'Web server 500 error code (server error).'),(396,31121,4,'Web server 501 error code (Not Implemented).'),(397,31122,5,'Web server 500 error code (Internal Error).'),(398,31123,4,'Web server 503 error code (Service unavailable).'),(399,31140,0,'Ignoring google/msn/yahoo bots.'),(400,31141,0,'Ignored 499`s on nginx.'),(401,31151,10,'Multiple web server 400 error codes from same source ip.'),(402,31152,10,'Multiple SQL injection attempts from same souce ip.'),(403,31153,10,'Multiple common web attacks from same souce ip.'),(404,31154,10,'Multiple XSS (Cross Site Scripting) attempts from same souce ip.'),(405,31161,10,'Multiple web server 501 error code (Not Implemented).'),(406,31162,10,'Multiple web server 500 error code (Internal Error).'),(407,31163,10,'Multiple web server 503 error code (Service unavailable).'),(408,31164,6,'SQL injection attempt.'),(409,31165,6,'SQL injection attempt.'),(410,31501,6,'WordPress Comment Spam (coming from a fake search engine UA).'),(411,31502,6,'TimThumb vulnerability exploit attempt.'),(412,31503,6,'osCommerce login.php bypass attempt.'),(413,31504,6,'osCommerce file manager login.php bypass attempt.'),(414,31505,6,'TimThumb backdoor access attempt.'),(415,31506,6,'Cart.php directory transversal attempt.'),(416,31507,6,'MSSQL Injection attempt (ur.php, urchin.js).'),(417,31508,6,'Blacklisted user agent (known malicious user agent).'),(418,31509,3,'CMS (WordPress or Joomla) login attempt.'),(419,31510,8,'CMS (WordPress or Joomla) brute force attempt.'),(420,31511,6,'Blacklisted user agent (wget).'),(421,31512,6,'Uploadify vulnerability exploit attempt.'),(422,31513,6,'BBS delete.php exploit attempt.'),(423,31514,6,'Simple shell.php command execution.'),(424,31515,6,'PHPMyAdmin scans (looking for setup.php).'),(425,31516,6,'Suspicious URL access.'),(426,31530,3,'POST request received.'),(427,31531,0,'Ignoring often post requests inside /wp-admin and /admin.'),(428,31533,10,'High amount of POST requests in a small period of time (likely bot).'),(429,31550,6,'Anomaly URL query (attempting to pass null termination).'),(430,30100,0,'Apache messages grouped.'),(431,30101,0,'Apache error messages grouped.'),(432,30102,0,'Apache warn messages grouped.'),(433,30103,0,'Apache notice messages grouped.'),(434,30104,12,'Apache segmentation fault.'),(435,30105,5,'Attempt to access forbidden file or directory.'),(436,30106,5,'Attempt to access forbidden directory index.'),(437,30107,6,'Code Red attack.'),(438,30108,5,'User authentication failed.'),(439,30109,9,'Attempt to login using a non-existent user.'),(440,30110,5,'User authentication failed.'),(441,30112,0,'Attempt to access an non-existent file (those are reported on the access.log).'),(442,30115,5,'Invalid URI (bad client request).'),(443,30116,10,'Multiple Invalid URI requests from same source.'),(444,30117,10,'Invalid URI, file name too long.'),(445,30118,6,'Access attempt blocked by Mod Security.'),(446,30119,12,'Multiple attempts blocked by Mod Security.'),(447,30120,12,'Apache without resources to run.'),(448,30200,6,'Modsecurity alert.'),(449,30201,6,'Modsecurity access denied.'),(450,30202,10,'Multiple attempts blocked by Mod Security.'),(451,31300,0,'Nginx messages grouped.'),(452,31301,3,'Nginx error message.'),(453,31302,3,'Nginx warning message.'),(454,31303,5,'Nginx critical message.'),(455,31310,0,'Server returned 404 (reported in the access.log).'),(456,31311,0,'Incomplete client request.'),(457,31312,0,'Initial 401 authentication request.'),(458,31315,5,'Web authentication failed.'),(459,31316,10,'Multiple web authentication failures.'),(460,31317,0,'Common cache error when files were removed.'),(461,31320,10,'Invalid URI, file name too long.'),(462,31401,0,'PHP Warning message.'),(463,31402,0,'PHP Fatal error.'),(464,31403,0,'PHP Parse error.'),(465,31404,0,'PHP Warning message.'),(466,31405,0,'PHP Fatal error.'),(467,31406,0,'PHP Parse error.'),(468,31410,3,'PHP Warning message.'),(469,31411,6,'PHP web attack.'),(470,31412,5,'PHP internal error (missing file).'),(471,31413,5,'PHP internal error (server out of space).'),(472,31420,5,'PHP Fatal error.'),(473,31421,5,'PHP internal error (missing file or function).'),(474,31430,5,'PHP Parse error.'),(475,50100,0,'MySQL messages grouped.'),(476,50105,3,'Database authentication success.'),(477,50106,9,'Database authentication failure.'),(478,50107,0,'Database query.'),(479,50108,3,'User disconnected from database.'),(480,50120,12,'Database shutdown messge.'),(481,50121,3,'Database startup message.'),(482,50125,5,'Database error.'),(483,50126,12,'Database fatal error.'),(484,50180,10,'Multiple database errors.'),(485,50500,0,'PostgreSQL messages grouped.'),(486,50501,0,'PostgreSQL log message.'),(487,50502,0,'PostgreSQL informational message.'),(488,50503,4,'PostgreSQL error message.'),(489,50504,5,'PostgreSQL error message.'),(490,50505,0,'PostgreSQL debug message.'),(491,50510,0,'Database query.'),(492,50511,3,'Database authentication success.'),(493,50512,9,'Database authentication failure.'),(494,50520,12,'Database shutdown messge.'),(495,50521,12,'Database shutdown messge.'),(496,50580,10,'Multiple database errors.'),(497,50581,10,'Multiple database errors.'),(498,20100,8,'First time this IDS alert is generated.'),(499,20101,6,'IDS event.'),(500,20102,0,'Ignored snort ids.'),(501,20103,0,'Ignored snort ids.'),(502,20152,10,'Multiple IDS alerts for same id.'),(503,20151,10,'Multiple IDS events from same source ip.'),(504,20161,11,'Multiple IDS events from same source ip (ignoring now this srcip and id).'),(505,20162,11,'Multiple IDS alerts for same id (ignoring now this id).'),(506,35000,0,'Squid messages grouped.'),(507,35002,4,'Squid generic error codes.'),(508,35003,5,'Bad request/Invalid syntax.'),(509,35004,5,'Unauthorized: Failed attempt to access authorization-required file or directory.'),(510,35005,5,'Forbidden: Attempt to access forbidden file or directory.'),(511,35006,5,'Not Found: Attempt to access non-existent file or directory.'),(512,35007,5,'Proxy Authentication Required: User is not authorized to use proxy.'),(513,35008,5,'Squid 400 error code (request failed).'),(514,35009,5,'Squid 500/600 error code (server error).'),(515,35010,4,'Squid 503 error code (server unavailable).'),(516,35021,6,'Attempt to access a Beagle worm (or variant) file.'),(517,35022,6,'Attempt to access a worm/trojan related site.'),(518,35023,0,'Ignored files on a 40x error.'),(519,35051,10,'Multiple attempts to access forbidden file or directory from same source ip.'),(520,35052,10,'Multiple unauthorized attempts to use proxy.'),(521,35053,10,'Multiple Bad requests/Invalid syntax.'),(522,35054,12,'Infected machine with W32.Beagle.DP.'),(523,35055,10,'Multiple attempts to access a non-existent file.'),(524,35056,12,'Multiple attempts to access a worm/trojan/virus related web site. System probably infected.'),(525,35057,10,'Multiple 400 error codes (requests failed).'),(526,35058,10,'Multiple 500/600 error codes (server error).'),(527,35095,0,'Ignoring multiple attempts from same source ip (alert only once).'),(528,4100,0,'Firewall rules grouped.'),(529,4101,5,'Firewall drop event.'),(530,4151,10,'Multiple Firewall drop events from same source.'),(531,4700,0,'Grouping of Cisco IOS rules.'),(532,4710,9,'Cisco IOS emergency message.'),(533,4711,5,'Cisco IOS alert message.'),(534,4712,5,'Cisco IOS critical message.'),(535,4713,4,'Cisco IOS error message.'),(536,4714,4,'Cisco IOS warning message.'),(537,4715,0,'Cisco IOS notification message.'),(538,4716,0,'Cisco IOS informational message.'),(539,4717,0,'Cisco IOS debug message.'),(540,4721,3,'Cisco IOS router configuration changed.'),(541,4722,3,'Successful login to the router.'),(542,4724,9,'Failed login to the router.'),(543,4500,0,'Grouping for the Netscreen Firewall rules'),(544,4501,3,'Netscreen notification message.'),(545,4502,4,'Netscreen warning message.'),(546,4503,5,'Netscreen critical/alert message.'),(547,4513,5,'Netscreen critical/alert message.'),(548,4504,5,'Netscreen informational message.'),(549,4505,11,'Netscreen Erase sequence started.'),(550,4506,8,'Successfull admin login to the Netscreen firewall'),(551,4507,8,'Successfull admin login to the Netscreen firewall'),(552,4508,8,'Firewall policy changed.'),(553,4509,8,'Firewall configuration changed.'),(554,4550,10,'Multiple Netscreen critical messages from same source IP.'),(555,4551,10,'Multiple Netscreen critical messages.'),(556,4552,10,'Multiple Netscreen alert messages from same source IP.'),(557,4553,10,'Multiple Netscreen alert messages.'),(558,4800,0,'SonicWall messages grouped.'),(559,4801,8,'SonicWall critical message.'),(560,4802,8,'SonicWall critical message.'),(561,4803,4,'SonicWall error message.'),(562,4804,3,'SonicWall warning message.'),(563,4805,0,'SonicWall notice message.'),(564,4806,0,'SonicWall informational message.'),(565,4807,0,'SonicWall debug message.'),(566,4810,3,'Firewall administrator login.'),(567,4811,9,'Firewall authentication failure.'),(568,4850,10,'Multiple firewall warning messages.'),(569,4851,10,'Multiple firewall error messages.'),(570,3300,0,'Grouping of the postfix reject rules.'),(571,3301,6,'Attempt to use mail server as relay (client host rejected).'),(572,3302,6,'Rejected by access list (Requested action not taken).'),(573,3303,5,'Sender domain is not found (450: Requested mail action not taken).'),(574,3304,5,'Improper use of SMTP command pipelining (503: Bad sequence of commands).'),(575,3305,5,'Receipent address must contain FQDN (504: Command parameter not implemented).'),(576,3306,6,'IP Address black-listed by anti-spam (blocked).'),(577,3320,0,'Grouping of the postfix rules.'),(578,3330,10,'Postfix process error.'),(579,3332,5,'Postfix SASL authentication failure.'),(580,3331,10,'Postfix insufficient disk space error.'),(581,3334,3,'Postfix started.'),(582,3333,7,'Postfix stopped.'),(583,3351,6,'Multiple relaying attempts of spam.'),(584,3352,6,'Multiple attempts to send e-mail from a rejected sender IP (access).'),(585,3353,10,'Multiple attempts to send e-mail from invalid/unknown sender domain.'),(586,3354,12,'Multiple misuse of SMTP service (bad sequence of commands).'),(587,3355,10,'Multiple attempts to send e-mail to invalid recipient or from unknown sender domain.'),(588,3356,10,'Multiple attempts to send e-mail from black-listed IP address (blocked).'),(589,3357,10,'Multiple SASL authentication failures.'),(590,3390,0,'Grouping of the clamsmtpd rules.'),(591,3100,0,'Grouping of the sendmail rules.'),(592,3101,0,'Grouping of the sendmail reject rules.'),(593,3102,5,'Sender domain does not have any valid MX record (Requested action aborted).'),(594,3103,6,'Rejected by access list (55x: Requested action not taken).'),(595,3104,6,'Attepmt to use mail server as relay (550: Requested action not taken).'),(596,3105,5,'Sender domain is not found  (553: Requested action not taken).'),(597,3106,5,'Sender address does not have domain (553: Requested action not taken).'),(598,3107,4,'Sendmail rejected message.'),(599,3108,6,'Sendmail rejected due to pre-greeting.'),(600,3109,8,'Sendmail save mail panic.'),(601,3151,10,'Sender domain has bogus MX record. It should not be sending e-mail.'),(602,3152,6,'Multiple attempts to send e-mail from a previously rejected sender (access).'),(603,3153,6,'Multiple relaying attempts of spam.'),(604,3154,10,'Multiple attempts to send e-mail from invalid/unknown sender domain.'),(605,3155,10,'Multiple attempts to send e-mail from invalid/unknown sender.'),(606,3156,10,'Multiple rejected e-mails from same source ip.'),(607,3158,10,'Multiple pre-greetings rejects.'),(608,3190,0,'Grouping of the smf-sav sendmail milter rules.'),(609,3191,6,'SMF-SAV sendmail milter unable to verify address (REJECTED).'),(610,3600,0,'Grouping of the imapd rules.'),(611,3601,5,'Imapd user login failed.'),(612,3602,3,'Imapd user login.'),(613,3603,0,'Imapd user logout.'),(614,3651,10,'Multiple failed logins from same source ip.'),(615,3700,0,'Grouping of mailscanner rules.'),(616,3701,0,'Non spam message. Ignored.'),(617,3702,5,'Mail Scanner spam detected.'),(618,3751,6,'Multiple attempts of spam.'),(619,9700,0,'Dovecot Messages Grouped.'),(620,9701,3,'Dovecot Authentication Success.'),(621,9702,5,'Dovecot Authentication Failed.'),(622,9703,3,'Dovecot is Starting Up.'),(623,9704,2,'Dovecot Fatal Failure.'),(624,9705,5,'Dovecot Invalid User Login Attempt.'),(625,9706,3,'Dovecot Session Disconnected.'),(626,9707,5,'Dovecot Aborted Login.'),(627,9750,10,'Dovecot Multiple Authentication Failures.'),(628,9751,10,'Dovecot brute force attack (multiple auth failures).'),(629,3800,0,'Grouping of Exchange rules.'),(630,3801,4,'E-mail rcpt is not valid (invalid account).'),(631,3802,4,'E-mail 500 error code.'),(632,3851,9,'Multiple e-mail attempts to an invalid account.'),(633,3852,9,'Multiple e-mail 500 error code (spam).'),(634,14100,0,'Grouping of racoon rules.'),(635,14101,5,'VPN authentication failed.'),(636,14110,0,'Racoon informational message.'),(637,14111,4,'Racoon error message.'),(638,14112,4,'Racoon warning message.'),(639,14120,3,'VPN established.'),(640,14121,0,'Roadwarrior configuration (ignored error).'),(641,14122,0,'Roadwarrior configuration (ignored warning).'),(642,14123,0,'Invalid configuration settings (ignored error).'),(643,14151,9,'Multiple failed VPN logins.'),(644,14200,0,'Grouping of Cisco VPN concentrator rules'),(645,14201,3,'VPN authentication successful.'),(646,14202,5,'VPN authentication failed.'),(647,14203,4,'VPN Admin authentication successful.'),(648,14251,10,'Multiple VPN authentication failures.'),(649,3500,0,'Grouping for the spamd rules'),(650,3501,0,'SPAMD result message (not very usefull here).'),(651,3502,0,'Spamd debug event (reading message).'),(652,18100,0,'Group of windows rules.'),(653,18101,0,'Windows informational event.'),(654,18102,0,'Windows warning event.'),(655,18103,5,'Windows error event.'),(656,18104,0,'Windows audit success event.'),(657,18105,4,'Windows audit failure event.'),(658,18106,5,'Windows Logon Failure.'),(659,18107,3,'Windows Logon Success.'),(660,18108,4,'Failed attempt to perform a privileged operation.'),(661,18109,3,'Session reconnected/disconnected to winstation.'),(662,18110,8,'User account enabled or created.'),(663,18111,8,'User account changed.'),(664,18112,8,'User account disabled or deleted.'),(665,18113,8,'Windows Audit Policy changed.'),(666,18114,5,'Group Account Changed'),(667,18115,8,'General account database changed.'),(668,18116,9,'User account locked out (multiple login errors).'),(669,18117,7,'Windows is shutting down.'),(670,18118,9,'Windows audit log was cleared.'),(671,18119,3,'First time this user logged in this system.'),(672,18120,0,'Windows login attempt (ignored). Duplicated.'),(673,18125,5,'Remote access login failure.'),(674,18126,3,'Remote access login success.'),(675,18127,5,'Computer account added/changed/deleted.'),(676,18128,8,'Group account added/changed/deleted.'),(677,18129,8,'Windows file system full.'),(678,18130,5,'Logon Failure - Unknown user or bad password.'),(679,18131,5,'Logon Failure - Account logon time restriction violation.'),(680,18132,5,'Logon Failure - Account currently disabled.'),(681,18133,5,'Logon Failure - Specified account expired.'),(682,18134,7,'Logon Failure - User not allowed to login at this computer.'),(683,18135,5,'Logon Failure - User not granted logon type.'),(684,18136,5,'Logon Failure - Account`s password expired.'),(685,18137,5,'Logon Failure - Internal error.'),(686,18138,7,'Logon Failure - Account locked out.'),(687,18139,5,'Windows DC Logon Failure.'),(688,18140,5,'System time changed.'),(689,18141,7,'Unexpected Windows shutdown.'),(690,18142,5,'User account unlocked.'),(691,18143,8,'Security enabled group created.'),(692,18144,8,'Security enabled group deleted.'),(693,18145,3,'Service startup type was changed.'),(694,18146,5,'Application Uninstalled.'),(695,18147,5,'Application Installed.'),(696,18148,3,'Windows is starting up.'),(697,18149,3,'Windows User Logoff.'),(698,18200,5,'Group Account Created'),(699,18201,5,'Group Account Deleted'),(700,18202,5,'Security Enabled Global Group Created'),(701,18203,5,'Security Enabled Global Group Member Added'),(702,18204,5,'Security Enabled Global Group Member Removed'),(703,18205,5,'Security Enabled Global Group Deleted'),(704,18206,5,'Security Enabled Local Group Created'),(705,18207,5,'Security Enabled Local Group Member Added'),(706,18208,5,'Security Enabled Local Group Member Removed'),(707,18209,5,'Security Enabled Local Group Deleted'),(708,18210,5,'Security Enabled Local Group Changed'),(709,18211,5,'Security Enabled Global Group Changed'),(710,18212,5,'Security Enabled Universal Group Created'),(711,18213,5,'Security Enabled Universal Group Changed'),(712,18214,5,'Security Enabled Universal Group Member Added'),(713,18215,5,'Security Enabled Universal Group Member Removed'),(714,18216,5,'Security Enabled Universal Group Deleted'),(715,18217,12,'Administrators Group Changed'),(716,18218,5,'Everyone Group Changed'),(717,18219,12,'Enterprise Domain Controllers Group Changed'),(718,18220,5,'Authenticated Users Group Changed'),(719,18221,5,'Terminal Server Users Group Changed'),(720,18222,12,'Domain Admins Group Changed'),(721,18223,5,'Domain Users Group Changed'),(722,18224,0,'Local User Group NONE'),(723,18225,12,'Domain Guests Group Changed'),(724,18226,5,'Domain Computers Group Changed'),(725,18227,12,'Domain Controllers Group Changed'),(726,18228,10,'Cert Publishers Group Changed'),(727,18229,12,'Schema Admins Group Changed'),(728,18230,12,'Enterprise Admins Group Changed'),(729,18231,10,'Group Policy Creator Owners Group Changed'),(730,18232,10,'RAS and IAS Servers Group Changed'),(731,18233,5,'Users Group Changed'),(732,18234,12,'Guests Group Changed'),(733,18235,10,'Power Users Group Changed'),(734,18236,10,'Account Operators Group Changed'),(735,18237,10,'Server Operators Group Changed'),(736,18238,8,'Print Operators Group Changed'),(737,18239,12,'Backup Operators Group Changed'),(738,18240,10,'Replicators Group Changed'),(739,18241,8,'Pre-Windows 2000 Compatible Access Group Changed'),(740,18242,10,'Remote Desktop Users Group Changed'),(741,18243,10,'Network Configuration Operators Group Changed'),(742,18244,10,'Incoming Forest Trust Builders Group Changed'),(743,18245,8,'Performance Monitor Users Group Changed'),(744,18246,8,'Performance Log Users Group Changed'),(745,18247,8,'Windows Authorization Access Group Changed'),(746,18248,8,'Terminal Server License Servers Group Changed'),(747,18249,8,'Distributed COM Users Group Changed'),(748,18250,12,'Enterprise Read-only Domain Controllers Group Changed'),(749,18251,12,'Read-only Domain Controllers Group Changed'),(750,18252,12,'Cryptographic Operators Group Changed'),(751,18253,10,'Allowed RODC Password Replication Group Changed'),(752,18254,10,'Denied RODC Password Replication Group Changed'),(753,18255,10,'Event Log Readers Group Changed'),(754,18256,10,'Certificate Service DCOM Access Group Changed'),(755,18121,0,'Windows Logon Success (ignored).'),(756,18170,10,'Windows DC integrity check on decrypted field failed.'),(757,18171,10,'Windows DC - Possible replay attack.'),(758,18172,7,'Windows DC - Clock skew too great.'),(759,18180,5,'MS SQL Server Logon Failure.'),(760,18181,3,'MS SQL Server Logon Success.'),(761,18151,10,'Multiple failed attempts to perform a privileged operation by the same user.'),(762,18152,10,'Multiple Windows Logon Failures.'),(763,18153,10,'Multiple Windows audit failure events.'),(764,18154,10,'Multiple Windows error events.'),(765,18155,10,'Multiple Windows warning events.'),(766,18156,10,'Multiple remote access login failures.'),(767,7500,0,'Grouping of McAfee Windows AV rules.'),(768,7501,2,'McAfee Windows AV informational event.'),(769,7502,3,'McAfee Windows AV warning event.'),(770,7503,4,'McAfee Windows AV error event.'),(771,7504,12,'McAfee Windows AV - Virus detected and not removed.'),(772,7505,7,'McAfee Windows AV - Virus detected and properly removed.'),(773,7506,7,'McAfee Windows AV - Virus detected and file will be deleted.'),(774,7507,3,'McAfee Windows AV - Scan started or stopped.'),(775,7508,3,'McAfee Windows AV - Scan completed with no viruses found.'),(776,7509,5,'McAfee Windows AV - Virus scan cancelled.'),(777,7510,5,'McAfee Windows AV - Virus scan cancelled due to shutdown.'),(778,7511,3,'McAfee Windows AV - Virus program or DAT update succeeded.'),(779,7512,7,'McAfee Windows AV - Virus program or DAT update failed.'),(780,7513,7,'McAfee Windows AV - Virus program or DAT update cancelled.'),(781,7514,5,'McAfee Windows AV - EICAR test file detected.'),(782,7550,10,'Multiple McAfee AV warning events.'),(783,7600,0,'Grouping of Trend OSCE rules.'),(784,7610,5,'Virus detected and cleaned/quarantined/remved'),(785,7611,9,'Virus detected and unable to clean up.'),(786,7612,3,'Virus scan completed with no errors detected.'),(787,7613,5,'Virus scan passed by found potential security risk.'),(788,7701,0,'Grouping of Microsoft Security Essentials rules.'),(789,7710,12,'Microsoft Security Essentials - Virus detected, but unable to remove.'),(790,7711,7,'Microsoft Security Essentials - Virus detected and properly removed.'),(791,7712,7,'Microsoft Security Essentials - Virus detected.'),(792,7720,3,'Microsoft Security Essentials - Configuration changed.'),(793,7731,5,'Microsoft Security Essentials - EICAR test file detected.'),(794,7750,10,'Multiple Microsoft Security Essentials AV warnings detected.'),(795,7751,10,'Multiple Microsoft Security Essentials AV warnings detected.'),(796,31200,0,'Grouping of Zeus rules.'),(797,31201,0,'Grouping of Zeus informational logs.'),(798,31202,4,'Zeus warning log.'),(799,31203,9,'Zeus serious log.'),(800,31204,12,'Zeus fatal log.'),(801,31205,8,'Admin authentication failed.'),(802,31206,0,'Configuration warning (ignored).'),(803,31251,10,'Multiple Zeus warnings.'),(804,6100,0,'Solaris BSM Auditing messages grouped.'),(805,6101,5,'Auditing session failed.'),(806,6102,0,'Auditing session succeeded.'),(807,6103,3,'Login session succeeded.'),(808,6104,5,'Login session failed.'),(809,6105,3,'User successfully changed UID.'),(810,6106,5,'User failed to change UID (user id).'),(811,19100,0,'VMWare messages grouped.'),(812,19101,0,'VMWare ESX syslog messages grouped.'),(813,19102,8,'VMware ESX critical message.'),(814,19103,4,'VMware ESX error message.'),(815,19104,3,'VMware ESX warning message.'),(816,19105,0,'VMware ESX notice message.'),(817,19106,0,'VMware ESX informational message.'),(818,19107,0,'VMware ESX verbose message.'),(819,19110,3,'VMWare ESX authentication success.'),(820,19111,5,'VMWare ESX authentication failure.'),(821,19112,3,'VMWare ESX user login.'),(822,19113,3,'VMWare ESX user authentication failure.'),(823,19120,8,'Virtual machine state changed to OFF.'),(824,19121,3,'Virtual machine being turned ON.'),(825,19122,3,'Virtual machine state changed to ON.'),(826,19123,5,'Virtual machine being reconfigured.'),(827,19150,10,'Multiple VMWare ESX warning messages.'),(828,19151,10,'Multiple VMWare ESX error messages.'),(829,19152,10,'Multiple VMWare ESX authentication failures.'),(830,19153,10,'Multiple VMWare ESX user authentication failures.'),(831,6300,0,'Grouping for the MS-DHCP rules.'),(832,6301,2,'The log was started.'),(833,6302,3,'The log was stopped.'),(834,6303,10,'The log was temporarily paused due to low disk space.'),(835,6304,0,'A new IP address was leased to a client.'),(836,6305,0,'A lease was renewed by a client.'),(837,6306,0,'A lease was released by a client.'),(838,6307,0,'An IP address was found to be in use on the network.'),(839,6308,12,'A lease request could not be satisfied because the scope`s address pool was exhausted.'),(840,6309,7,'A lease was denied.'),(841,6310,0,'A lease was deleted.'),(842,6311,0,'A lease was expired and DNS records for an expired leases have not been deleted.'),(843,6322,0,'A lease was expired and DNS records were deleted.'),(844,6312,0,'A BOOTP address was leased to a client.'),(845,6313,0,'A dynamic BOOTP address was leased to a client.'),(846,6314,10,'A BOOTP request could not be satisfied because the scope`s  address pool for BOOTP was exhausted.'),(847,6315,0,'A BOOTP IP address was deleted after checking to see it was not in use.'),(848,6316,3,'IP address cleanup operation has began.'),(849,6317,2,'IP address cleanup statistics.'),(850,6318,0,'DNS update request to the named DNS server.'),(851,6319,7,'DNS update failed.'),(852,6320,0,'DNS update successful.'),(853,6323,12,'Packet dropped due to NAP policy.'),(854,6321,12,'Codes above 50 are used for Rogue Server Detection information.'),(855,6350,0,'Grouping for the MS-DHCP rules.'),(856,6351,0,'Solicit.'),(857,6352,0,'Advertise.'),(858,6354,0,'Confirm.'),(859,6355,0,'Renew.'),(860,6356,0,'Rebind.'),(861,6357,7,'DHCP Decline.'),(862,6358,0,'Release.'),(863,6359,0,'Information Request.'),(864,6360,12,'Scope Full.'),(865,6361,3,'Started.'),(866,6362,7,'Stopped.'),(867,6363,10,'Audit log paused.'),(868,6364,7,'DHCP Log File.'),(869,6365,7,'Bad Address.'),(870,6366,4,'Address is already in use.'),(871,6367,0,'Client deleted.'),(872,6368,0,'DNS record not deleted.'),(873,6369,0,'Expired.'),(874,6370,0,'Expired and Deleted count.'),(875,6371,2,'Database cleanup begin.'),(876,6372,2,'Database cleanup end.'),(877,6373,12,'Service not authorized in AD.'),(878,6374,3,'Service authorized in AD.'),(879,6376,12,'Service has not determined if it is authorized in AD.'),(880,6200,0,'Asterisk messages grouped.'),(881,6201,0,'Asterisk notice messages grouped.'),(882,6202,3,'Asterisk warning message.'),(883,6203,3,'Asterisk error message.'),(884,6210,5,'Login session failed.'),(885,6211,5,'Login session failed (invalid user).'),(886,6212,5,'Login session failed (invalid extension).'),(887,6250,10,'Multiple failed logins (user enumeration in process).'),(888,6251,10,'Multiple failed logins.'),(889,6252,10,'Extension enumeration.'),(890,6253,5,'Login session failed (invalid iax user).'),(891,6254,10,'Extension IAX Enumeration.'),(892,6255,5,'Possible Registration Hijacking.'),(893,6256,5,'IAX peer Wrong Password.'),(894,6257,10,'Multiple failed logins.'),(895,500,0,'Grouping of ossec rules.'),(896,501,3,'New ossec agent connected.'),(897,502,3,'Ossec server started.'),(898,503,3,'Ossec agent started.'),(899,504,3,'Ossec agent disconnected.'),(900,509,0,'Rootcheck event.'),(901,510,7,'Host-based anomaly detection event (rootcheck).'),(902,511,0,'Ignored common NTFS ADS entries.'),(903,512,3,'Windows Audit event.'),(904,513,9,'Windows malware detected.'),(905,514,2,'Windows application monitor event.'),(906,515,0,'Ignoring rootcheck/syscheck scan messages.'),(907,516,3,'System Audit event.'),(908,518,9,'Windows Adware/Spyware application found.'),(909,519,7,'System Audit: Vulnerable web application found.'),(910,530,0,'OSSEC process monitoring rules.'),(911,531,7,'Partition usage reached 100% (disk space monitor).'),(912,532,0,'Ignoring external medias.'),(913,533,7,'Listened ports status (netstat) changed (new port opened or closed).'),(914,534,1,'List of logged in users. It will not be alerted by default.'),(915,535,1,'List of the last logged in users.'),(916,550,7,'Integrity checksum changed.'),(917,551,7,'Integrity checksum changed again (2nd time).'),(918,552,7,'Integrity checksum changed again (3rd time).'),(919,553,7,'File deleted. Unable to retrieve checksum.'),(920,554,0,'File added to the system.'),(921,555,7,'Integrity checksum for agentless device changed.'),(922,580,8,'Host information changed.'),(923,581,8,'Host information added.'),(924,591,3,'Log file rotated.'),(925,592,8,'Log file size reduced.'),(926,593,9,'Microsoft Event log cleared.'),(927,594,5,'Registry Integrity Checksum Changed'),(928,595,5,'Registry Integrity Checksum Changed Again (2nd time)'),(929,596,5,'Registry Integrity Checksum Changed Again (3rd time)'),(930,597,5,'Registry Entry Deleted. Unable to Retrieve Checksum'),(931,598,5,'Registry Entry Added to the System'),(932,600,0,'Active Response Messages Grouped'),(933,601,3,'Host Blocked by firewall-drop.sh Active Response'),(934,602,3,'Host Unblocked by firewall-drop.sh Active Response'),(935,603,3,'Host Blocked by host-deny.sh Active Response'),(936,604,3,'Host Unblocked by host-deny.sh Active Response'),(937,605,3,'Host Blocked by route-null.sh Active Response'),(938,606,3,'Host Unblocked by route-null.sh Active Response'),(939,40101,12,'System user successfully logged to the system.'),(940,40102,14,'Buffer overflow attack on rpc.statd'),(941,40103,14,'Buffer overflow on WU-FTPD versions prior to 2.6'),(942,40104,13,'Possible buffer overflow attempt.'),(943,40105,12,'\"Null\" user changed some information.'),(944,40106,12,'Buffer overflow attempt (probably on yppasswd).'),(945,40107,14,'Heap overflow in the Solaris cachefsd service.'),(946,40109,12,'Stack overflow attempt or program exiting with SEGV (Solaris).'),(947,40111,10,'Multiple authentication failures.'),(948,40112,12,'Multiple authentication failures followed by a success.'),(949,40113,12,'Multiple viruses detected - Possible outbreak.'),(950,40501,15,'Attacks followed by the addition of an user.'),(951,40601,10,'Network scan from same source ip.'),(952,51500,0,'Grouping of bsd_kernel alerts'),(953,51501,1,'A timeout occurred waiting for a transfer.'),(954,51502,0,'Check media in optical drive.'),(955,51503,1,'A disk has timed out.'),(956,51504,1,'arp info has been overwritten for a host'),(957,51505,5,'A filesystem was not properly unmounted, likely system crash'),(958,51506,1,'UKC was used, possibly modifying a kernel at boot time.'),(959,51507,1,'Michael MIC failure: Checksum failure in the tkip protocol.'),(960,51508,2,'A soft error has been corrected on a hard drive, this is a possible early sign of failure.'),(961,51509,1,'Unknown acpithinkpad event'),(962,51510,5,'System shutdown due to temperature'),(963,51511,1,'Unknown ACPI event (bug 6299 in OpenBSD bug tracking system).'),(964,51512,1,'USB diagnostic message.'),(965,51513,1,'Possible APM or ACPI event.'),(966,51514,3,'Unclean filesystem, run fsck.'),(967,51515,0,'Timeout in atascsi_passthru_done.'),(968,51516,0,'Clock battery error 80'),(969,51518,3,'I/O error on a storage device'),(970,51519,1,'kbc error.'),(971,51520,1,'USB reset failed, IOERROR.'),(972,51521,0,'Grouping for groupdel rules.'),(973,51522,2,'Group deleted.'),(974,51523,0,'No core dumps.'),(975,51524,4,'System was rebooted.'),(976,51525,0,'ftp-proxy cannot connect to a server.'),(977,51526,0,'Hard drive is dying.'),(978,51527,0,'CARP master to backup.'),(979,51528,0,'Duplicate IPv6 address.'),(980,51529,0,'Could not load a firmware.'),(981,51530,0,'hotplugd could not open a file.'),(982,51531,3,'User account deleted.'),(983,51532,0,'Bad ntp peer.'),(984,52500,0,'Grouping of the clamd rules.'),(985,52501,0,'ClamAV database update'),(986,52502,8,'Virus detected'),(987,52503,10,'Clamd error'),(988,52504,7,'Clamd warning'),(989,52505,3,'Clamd restarted'),(990,52506,3,'Clamd database updated'),(991,52507,3,'ClamAV database update'),(992,52508,3,'ClamAV database updated'),(993,52509,0,'Could not download the incremental virus definition updates.'),(994,51000,0,'Grouping for dropbear rules.'),(995,51001,1,'Failed to get key exchange value'),(996,51002,1,'Premature kexdh_init message'),(997,51003,5,'Bad password attempt.'),(998,51004,10,'dropbear brute force attempt.'),(999,51005,0,'User disconnected.'),(1000,51006,2,'Client exited before authentication.'),(1001,51007,10,'dropbear brute force attempt.'),(1002,51008,1,'Incompatible remote version.'),(1003,51009,0,'User successfully logged in using a password.'),(1004,100001,0,'Example of rule that will ignore sshd failed logins from IP 1.1.1.1.');
/*!40000 ALTER TABLE `signature` ENABLE KEYS */;
UNLOCK TABLES;

--
-- Table structure for table `signature_category_mapping`
--

DROP TABLE IF EXISTS `signature_category_mapping`;
/*!40101 SET @saved_cs_client     = @@character_set_client */;
/*!40101 SET character_set_client = utf8 */;
CREATE TABLE `signature_category_mapping` (
  `id` smallint(5) unsigned NOT NULL AUTO_INCREMENT,
  `rule_id` mediumint(8) unsigned NOT NULL,
  `cat_id` smallint(5) unsigned NOT NULL,
  PRIMARY KEY (`id`,`rule_id`,`cat_id`)
) ENGINE=MyISAM AUTO_INCREMENT=2288 DEFAULT CHARSET=latin1;
/*!40101 SET character_set_client = @saved_cs_client */;

--
-- Dumping data for table `signature_category_mapping`
--

LOCK TABLES `signature_category_mapping` WRITE;
/*!40000 ALTER TABLE `signature_category_mapping` DISABLE KEYS */;
INSERT INTO `signature_category_mapping` VALUES (1,1,1),(2,2,2),(3,3,3),(4,4,4),(5,5,5),(6,6,6),(7,7,7),(8,5500,8),(9,5500,1),(10,5501,8),(11,5501,1),(12,5501,9),(13,5502,8),(14,5502,1),(15,5503,8),(16,5503,1),(17,5503,10),(18,5504,8),(19,5504,1),(20,5504,11),(21,5521,8),(22,5521,1),(23,5522,8),(24,5522,1),(25,5523,8),(26,5523,1),(27,5551,8),(28,5551,1),(29,5551,12),(30,5552,8),(31,5552,1),(32,5553,8),(33,5553,1),(34,5554,8),(35,5554,1),(36,5555,8),(37,5555,1),(38,5700,1),(39,5700,13),(40,5701,1),(41,5701,13),(42,5702,1),(43,5702,13),(44,5703,1),(45,5703,13),(46,5704,1),(47,5704,13),(48,5705,1),(49,5705,13),(50,5706,1),(51,5706,13),(52,5706,14),(53,5707,1),(54,5707,13),(55,5707,15),(56,5709,1),(57,5709,13),(58,5710,1),(59,5710,13),(60,5710,11),(61,5710,10),(62,5711,1),(63,5711,13),(64,5712,1),(65,5712,13),(66,5712,12),(67,5713,1),(68,5713,13),(69,5714,1),(70,5714,13),(71,5714,15),(72,5715,1),(73,5715,13),(74,5715,9),(75,5716,1),(76,5716,13),(77,5716,10),(78,5717,1),(79,5717,13),(80,5718,1),(81,5718,13),(82,5718,11),(83,5719,1),(84,5719,13),(85,5719,11),(86,5720,1),(87,5720,13),(88,5720,12),(89,5721,1),(90,5721,13),(91,5722,1),(92,5722,13),(93,5723,1),(94,5723,13),(95,5724,1),(96,5724,13),(97,5725,1),(98,5725,13),(99,5726,1),(100,5726,13),(101,5727,1),(102,5727,13),(103,5728,1),(104,5728,13),(105,5728,10),(106,5729,1),(107,5729,13),(108,5730,1),(109,5730,13),(110,5731,1),(111,5731,13),(112,5731,14),(113,5732,1),(114,5732,13),(115,5733,1),(116,5733,13),(117,5733,12),(118,5734,1),(119,5734,13),(120,5735,1),(121,5735,13),(122,5736,1),(123,5736,13),(124,5737,1),(125,5737,13),(126,5738,1),(127,5738,13),(128,5738,10),(129,5739,1),(130,5739,13),(131,5740,1),(132,5740,13),(133,5741,1),(134,5741,13),(135,5742,1),(136,5742,13),(137,5743,1),(138,5743,13),(139,5744,1),(140,5744,13),(141,5745,1),(142,5745,13),(143,5746,1),(144,5746,13),(145,5747,1),(146,5747,13),(147,5748,1),(148,5748,13),(149,5749,1),(150,5749,13),(151,5600,1),(152,5600,16),(153,5601,1),(154,5601,16),(155,5602,1),(156,5602,16),(157,5603,1),(158,5603,16),(159,5604,1),(160,5604,16),(161,5631,1),(162,5631,16),(163,1001,1),(164,1001,17),(165,1002,1),(166,1002,17),(167,1003,1),(168,1003,17),(169,1004,1),(170,1004,17),(171,1005,1),(172,1005,17),(173,1006,1),(174,1006,17),(175,1007,1),(176,1007,17),(177,1007,18),(178,1008,1),(179,1008,17),(180,1008,19),(181,1009,1),(182,1009,17),(183,2100,1),(184,2100,20),(185,2101,1),(186,2101,20),(187,2102,1),(188,2102,20),(189,2103,1),(190,2103,20),(191,2104,1),(192,2104,20),(193,2301,1),(194,2301,21),(195,2501,1),(196,2501,22),(197,2501,10),(198,2502,1),(199,2502,22),(200,2502,10),(201,2503,1),(202,2503,22),(203,2503,23),(204,2504,1),(205,2504,22),(206,2504,11),(207,2505,1),(208,2505,22),(209,2506,1),(210,2506,22),(211,2507,1),(212,2507,22),(213,2508,1),(214,2508,22),(215,2509,1),(216,2509,22),(217,2550,1),(218,2550,22),(219,2551,1),(220,2551,22),(221,2551,24),(222,2701,1),(223,2701,25),(224,2800,1),(225,2800,26),(226,2801,1),(227,2801,26),(228,2802,1),(229,2802,26),(230,2803,1),(231,2803,26),(232,5100,1),(233,5100,27),(234,5101,1),(235,5101,27),(236,5102,1),(237,5102,27),(238,5103,1),(239,5103,27),(240,5104,1),(241,5104,27),(242,5104,28),(243,5105,1),(244,5105,27),(245,5106,1),(246,5106,27),(247,5107,1),(248,5107,27),(249,5108,1),(250,5108,27),(251,5108,19),(252,5109,1),(253,5109,27),(254,5110,1),(255,5110,27),(256,5111,1),(257,5111,27),(258,5112,1),(259,5112,27),(260,5113,1),(261,5113,27),(262,5113,29),(263,5130,1),(264,5130,27),(265,5131,1),(266,5131,27),(267,5200,1),(268,5200,27),(269,2830,1),(270,2830,30),(271,2831,1),(272,2831,30),(273,2834,1),(274,2834,30),(275,2832,1),(276,2832,30),(277,2833,1),(278,2833,30),(279,5300,1),(280,5300,31),(281,5301,1),(282,5301,31),(283,5301,10),(284,5302,1),(285,5302,31),(286,5302,10),(287,5303,1),(288,5303,31),(289,5303,9),(290,5304,1),(291,5304,31),(292,5304,9),(293,5305,1),(294,5305,31),(295,5306,1),(296,5306,31),(297,7101,1),(298,7101,32),(299,5901,1),(300,5901,33),(301,5902,1),(302,5902,33),(303,5903,1),(304,5903,33),(305,5904,1),(306,5904,33),(307,5400,1),(308,5400,34),(309,5401,1),(310,5401,34),(311,5402,1),(312,5402,34),(313,5403,1),(314,5403,34),(315,9100,1),(316,9100,35),(317,9101,1),(318,9101,35),(319,9102,1),(320,9102,35),(321,10100,1),(322,10100,36),(323,10100,9),(324,9200,1),(325,9200,5),(326,9201,1),(327,9201,5),(328,2900,1),(329,2900,37),(330,2901,1),(331,2901,37),(332,2902,1),(333,2902,37),(334,2902,38),(335,2903,1),(336,2903,37),(337,2903,38),(338,2930,1),(339,2930,39),(340,2931,1),(341,2931,39),(342,2932,1),(343,2932,39),(344,2932,38),(345,2933,1),(346,2933,39),(347,2933,38),(348,2934,1),(349,2934,39),(350,2934,38),(351,2935,1),(352,2935,39),(353,2936,1),(354,2936,39),(355,2937,1),(356,2937,39),(357,2938,1),(358,2938,39),(359,2939,1),(360,2939,39),(361,7200,1),(362,7200,40),(363,7201,1),(364,7201,40),(365,7201,41),(366,7202,1),(367,7202,40),(368,7202,42),(369,7203,1),(370,7203,40),(371,7203,19),(372,7204,1),(373,7204,40),(374,7204,42),(375,7205,1),(376,7205,40),(377,7206,1),(378,7206,40),(379,7207,1),(380,7207,40),(381,7208,1),(382,7208,40),(383,7209,1),(384,7209,40),(385,7209,42),(386,7300,43),(387,7301,43),(388,7310,43),(389,7310,44),(390,7320,43),(391,7400,43),(392,7410,43),(393,7410,10),(394,7415,43),(395,7415,9),(396,7420,43),(397,7420,9),(398,4300,1),(399,4300,45),(400,4310,1),(401,4310,45),(402,4311,1),(403,4311,45),(404,4312,1),(405,4312,45),(406,4313,1),(407,4313,45),(408,4314,1),(409,4314,45),(410,4315,1),(411,4315,45),(412,4321,1),(413,4321,45),(414,4321,10),(415,4322,1),(416,4322,45),(417,4323,1),(418,4323,45),(419,4323,9),(420,4324,1),(421,4324,45),(422,4324,10),(423,4325,1),(424,4325,45),(425,4326,1),(426,4326,45),(427,4326,23),(428,4327,1),(429,4327,45),(430,4330,1),(431,4330,45),(432,4331,1),(433,4331,45),(434,4332,1),(435,4332,45),(436,4333,1),(437,4333,45),(438,4333,3),(439,4334,1),(440,4334,45),(441,4334,10),(442,4335,1),(443,4335,45),(444,4335,9),(445,4336,1),(446,4336,45),(447,4336,10),(448,4337,1),(449,4337,45),(450,4337,19),(451,4338,1),(452,4338,45),(453,4338,19),(454,4339,1),(455,4339,45),(456,4339,38),(457,4340,1),(458,4340,45),(459,4340,38),(460,4341,1),(461,4341,45),(462,4342,1),(463,4342,45),(464,4342,33),(465,4342,46),(466,4380,1),(467,4380,45),(468,4381,1),(469,4381,45),(470,4382,1),(471,4382,45),(472,4382,47),(473,4383,1),(474,4383,45),(475,4385,1),(476,4385,45),(477,4386,1),(478,4386,45),(479,4386,12),(480,12100,1),(481,12100,48),(482,12101,1),(483,12101,48),(484,12101,49),(485,12102,1),(486,12102,48),(487,12102,23),(488,12103,1),(489,12103,48),(490,12103,50),(491,12104,1),(492,12104,48),(493,12104,47),(494,12105,1),(495,12105,48),(496,12106,1),(497,12106,48),(498,12107,1),(499,12107,48),(500,12108,1),(501,12108,48),(502,12109,1),(503,12109,48),(504,12109,19),(505,12110,1),(506,12110,48),(507,12110,47),(508,12111,1),(509,12111,48),(510,12111,47),(511,12112,1),(512,12112,48),(513,12113,1),(514,12113,48),(515,12114,1),(516,12114,48),(517,12115,1),(518,12115,48),(519,12116,1),(520,12116,48),(521,12117,1),(522,12117,48),(523,12118,1),(524,12118,48),(525,12119,1),(526,12119,48),(527,12120,1),(528,12120,48),(529,12121,1),(530,12121,48),(531,12122,1),(532,12122,48),(533,12123,1),(534,12123,48),(535,12125,1),(536,12125,48),(537,12126,1),(538,12126,48),(539,12127,1),(540,12127,48),(541,12128,1),(542,12128,48),(543,12129,1),(544,12129,48),(545,12130,1),(546,12130,48),(547,12131,1),(548,12131,48),(549,12132,1),(550,12132,48),(551,12133,1),(552,12133,48),(553,12134,1),(554,12134,48),(555,12135,1),(556,12135,48),(557,12136,1),(558,12136,48),(559,12137,1),(560,12137,48),(561,12138,1),(562,12138,48),(563,12139,1),(564,12139,48),(565,12140,1),(566,12140,48),(567,12141,1),(568,12141,48),(569,12142,1),(570,12142,48),(571,12143,1),(572,12143,48),(573,12144,1),(574,12144,48),(575,12145,1),(576,12145,48),(577,12146,1),(578,12146,48),(579,12147,1),(580,12147,48),(581,12148,1),(582,12148,48),(583,13100,1),(584,13100,51),(585,13101,1),(586,13101,51),(587,13102,1),(588,13102,51),(589,13102,23),(590,13103,1),(591,13103,51),(592,13104,1),(593,13104,51),(594,13104,23),(595,13105,1),(596,13105,51),(597,13106,1),(598,13106,51),(599,13108,1),(600,13108,51),(601,13109,1),(602,13109,51),(603,13110,1),(604,13110,51),(605,13111,1),(606,13111,51),(607,13112,1),(608,13112,51),(609,11400,1),(610,11400,52),(611,11401,1),(612,11401,52),(613,11401,24),(614,11402,1),(615,11402,52),(616,11402,9),(617,11403,1),(618,11403,52),(619,11403,10),(620,11404,1),(621,11404,52),(622,11451,1),(623,11451,52),(624,11451,12),(625,11452,1),(626,11452,52),(627,11452,14),(628,11300,1),(629,11300,53),(630,11301,1),(631,11301,53),(632,11301,24),(633,11302,1),(634,11302,53),(635,11302,10),(636,11303,1),(637,11303,53),(638,11304,1),(639,11304,53),(640,11305,1),(641,11305,53),(642,11306,1),(643,11306,53),(644,11306,12),(645,11307,1),(646,11307,53),(647,11307,14),(648,11309,1),(649,11309,53),(650,11309,9),(651,11310,1),(652,11310,53),(653,11311,1),(654,11311,53),(655,11312,1),(656,11312,53),(657,11200,1),(658,11200,54),(659,11201,1),(660,11201,54),(661,11201,24),(662,11202,1),(663,11202,54),(664,11203,1),(665,11203,54),(666,11203,11),(667,11204,1),(668,11204,54),(669,11204,10),(670,11205,1),(671,11205,54),(672,11205,9),(673,11206,1),(674,11206,54),(675,11206,23),(676,11207,1),(677,11207,54),(678,11207,23),(679,11208,1),(680,11208,54),(681,11209,1),(682,11209,54),(683,11210,1),(684,11210,54),(685,11210,12),(686,11211,1),(687,11211,54),(688,11212,1),(689,11212,54),(690,11213,1),(691,11213,54),(692,11213,24),(693,11214,1),(694,11214,54),(695,11215,1),(696,11215,54),(697,11216,1),(698,11216,54),(699,11217,1),(700,11217,54),(701,11218,1),(702,11218,54),(703,11218,19),(704,11219,1),(705,11219,54),(706,11220,1),(707,11220,54),(708,11221,1),(709,11221,54),(710,11251,1),(711,11251,54),(712,11251,12),(713,11252,1),(714,11252,54),(715,11252,14),(716,11253,1),(717,11253,54),(718,11500,1),(719,11500,55),(720,11501,1),(721,11501,55),(722,11501,24),(723,11502,1),(724,11502,55),(725,11502,10),(726,11503,1),(727,11503,55),(728,11503,9),(729,11504,1),(730,11504,55),(731,11510,1),(732,11510,55),(733,11510,12),(734,11511,1),(735,11511,55),(736,11511,14),(737,11512,1),(738,11512,55),(739,11100,1),(740,11100,56),(741,11101,1),(742,11101,56),(743,11101,10),(744,11101,23),(745,11102,1),(746,11102,56),(747,11103,1),(748,11103,56),(749,11104,1),(750,11104,56),(751,11105,1),(752,11105,56),(753,11106,1),(754,11106,56),(755,11106,24),(756,11107,1),(757,11107,56),(758,11107,23),(759,11108,1),(760,11108,56),(761,11108,50),(762,11109,1),(763,11109,56),(764,11109,12),(765,11110,1),(766,11110,56),(767,11111,1),(768,11111,56),(769,11111,10),(770,11112,1),(771,11112,56),(772,11112,10),(773,11113,1),(774,11113,56),(775,11113,10),(776,9300,1),(777,9300,57),(778,9301,1),(779,9301,57),(780,9302,1),(781,9302,57),(782,9303,1),(783,9303,57),(784,9304,1),(785,9304,57),(786,9304,19),(787,9305,1),(788,9305,57),(789,9305,9),(790,9306,1),(791,9306,57),(792,9306,10),(793,9351,1),(794,9351,57),(795,9351,12),(796,9352,1),(797,9352,57),(798,9352,19),(799,9400,1),(800,9400,58),(801,9401,1),(802,9401,58),(803,9401,10),(804,9402,1),(805,9402,58),(806,9402,9),(807,9500,1),(808,9500,59),(809,9501,1),(810,9501,59),(811,9501,10),(812,9502,1),(813,9502,59),(814,9502,9),(815,9503,1),(816,9503,59),(817,9504,1),(818,9504,59),(819,9505,1),(820,9505,59),(821,9510,1),(822,9510,59),(823,9551,1),(824,9551,59),(825,9551,12),(826,9600,1),(827,9600,60),(828,9610,1),(829,9610,60),(830,9610,10),(831,9611,1),(832,9611,60),(833,9611,19),(834,9900,1),(835,9900,61),(836,9901,1),(837,9901,61),(838,9901,10),(839,9902,1),(840,9902,61),(841,9902,11),(842,9903,1),(843,9903,61),(844,9903,10),(845,9904,1),(846,9904,61),(847,9904,9),(848,9951,1),(849,9951,61),(850,9951,12),(851,9952,1),(852,9952,61),(853,9952,12),(854,9953,1),(855,9953,61),(856,9953,12),(857,9800,1),(858,9800,62),(859,9801,1),(860,9801,62),(861,9801,10),(862,9820,1),(863,9820,62),(864,9820,12),(865,3900,1),(866,3900,63),(867,3901,1),(868,3901,63),(869,3901,24),(870,3902,1),(871,3902,63),(872,3902,10),(873,3903,1),(874,3903,63),(875,3904,1),(876,3904,63),(877,3904,9),(878,3910,1),(879,3910,63),(880,3910,12),(881,3911,1),(882,3911,63),(883,3911,14),(884,31100,64),(885,31100,65),(886,31108,64),(887,31108,65),(888,31101,64),(889,31101,65),(890,31102,64),(891,31102,65),(892,31103,64),(893,31103,65),(894,31103,66),(895,31103,67),(896,31104,64),(897,31104,65),(898,31104,66),(899,31105,64),(900,31105,65),(901,31105,66),(902,31106,64),(903,31106,65),(904,31106,66),(905,31110,64),(906,31110,65),(907,31110,66),(908,31109,64),(909,31109,65),(910,31109,66),(911,31107,64),(912,31107,65),(913,31115,64),(914,31115,65),(915,31115,49),(916,31120,64),(917,31120,65),(918,31121,64),(919,31121,65),(920,31122,64),(921,31122,65),(922,31122,47),(923,31123,64),(924,31123,65),(925,31140,64),(926,31140,65),(927,31141,64),(928,31141,65),(929,31151,64),(930,31151,65),(931,31151,68),(932,31151,14),(933,31152,64),(934,31152,65),(935,31152,66),(936,31152,67),(937,31153,64),(938,31153,65),(939,31153,66),(940,31154,64),(941,31154,65),(942,31154,66),(943,31161,64),(944,31161,65),(945,31161,68),(946,31161,14),(947,31162,64),(948,31162,65),(949,31162,47),(950,31163,64),(951,31163,65),(952,31163,68),(953,31163,14),(954,31164,64),(955,31164,65),(956,31164,66),(957,31164,69),(958,31165,64),(959,31165,65),(960,31165,66),(961,31165,69),(962,31501,64),(963,31501,70),(964,31501,66),(965,31502,64),(966,31502,70),(967,31502,66),(968,31503,64),(969,31503,70),(970,31503,66),(971,31504,64),(972,31504,70),(973,31504,66),(974,31505,64),(975,31505,70),(976,31505,66),(977,31506,64),(978,31506,70),(979,31506,66),(980,31507,64),(981,31507,70),(982,31507,66),(983,31508,64),(984,31508,70),(985,31508,66),(986,31509,64),(987,31509,70),(988,31509,66),(989,31510,64),(990,31510,70),(991,31510,66),(992,31511,64),(993,31511,70),(994,31511,66),(995,31512,64),(996,31512,70),(997,31512,66),(998,31513,64),(999,31513,70),(1000,31513,66),(1001,31514,64),(1002,31514,70),(1003,31514,66),(1004,31515,64),(1005,31515,70),(1006,31515,66),(1007,31516,64),(1008,31516,70),(1009,31516,66),(1010,31530,64),(1011,31530,70),(1012,31530,66),(1013,31531,64),(1014,31531,70),(1015,31531,66),(1016,31533,64),(1017,31533,70),(1018,31533,66),(1019,31550,64),(1020,31550,70),(1021,31550,66),(1022,30100,71),(1023,30101,71),(1024,30102,71),(1025,30103,71),(1026,30104,71),(1027,30104,19),(1028,30105,71),(1029,30105,23),(1030,30106,71),(1031,30106,23),(1032,30107,71),(1033,30107,72),(1034,30108,71),(1035,30108,10),(1036,30109,71),(1037,30109,11),(1038,30110,71),(1039,30110,10),(1040,30112,71),(1041,30112,73),(1042,30115,71),(1043,30115,74),(1044,30116,71),(1045,30116,74),(1046,30117,71),(1047,30117,74),(1048,30118,71),(1049,30118,23),(1050,30119,71),(1051,30119,23),(1052,30120,71),(1053,30120,19),(1054,30200,71),(1055,30201,71),(1056,30201,23),(1057,30202,71),(1058,30202,23),(1059,31300,71),(1060,31301,71),(1061,31302,71),(1062,31303,71),(1063,31310,71),(1064,31311,71),(1065,31312,71),(1066,31315,71),(1067,31315,10),(1068,31316,71),(1069,31316,12),(1070,31317,71),(1071,31320,71),(1072,31320,74),(1073,31401,71),(1074,31402,71),(1075,31403,71),(1076,31404,71),(1077,31405,71),(1078,31406,71),(1079,31410,71),(1080,31411,71),(1081,31411,66),(1082,31412,71),(1083,31413,71),(1084,31413,18),(1085,31420,71),(1086,31421,71),(1087,31430,71),(1088,50100,75),(1089,50105,75),(1090,50105,9),(1091,50106,75),(1092,50106,10),(1093,50107,75),(1094,50108,75),(1095,50120,75),(1096,50120,19),(1097,50121,75),(1098,50121,19),(1099,50125,75),(1100,50126,75),(1101,50126,19),(1102,50180,75),(1103,50180,19),(1104,50500,76),(1105,50501,76),(1106,50502,76),(1107,50503,76),(1108,50504,76),(1109,50505,76),(1110,50510,76),(1111,50511,76),(1112,50511,9),(1113,50512,76),(1114,50512,10),(1115,50520,76),(1116,50520,19),(1117,50521,76),(1118,50521,19),(1119,50580,76),(1120,50580,19),(1121,50581,76),(1122,50581,19),(1123,20100,3),(1124,20100,36),(1125,20101,3),(1126,20102,3),(1127,20103,3),(1128,20152,3),(1129,20151,3),(1130,20161,3),(1131,20162,3),(1132,35000,5),(1133,35002,5),(1134,35003,5),(1135,35004,5),(1136,35005,5),(1137,35006,5),(1138,35007,5),(1139,35008,5),(1140,35009,5),(1141,35010,5),(1142,35021,5),(1143,35021,72),(1144,35022,5),(1145,35022,72),(1146,35023,5),(1147,35051,5),(1148,35052,5),(1149,35053,5),(1150,35054,5),(1151,35055,5),(1152,35056,5),(1153,35057,5),(1154,35058,5),(1155,35095,5),(1156,4100,2),(1157,4101,2),(1158,4101,77),(1159,4151,2),(1160,4151,78),(1161,4700,1),(1162,4700,79),(1163,4710,1),(1164,4710,79),(1165,4711,1),(1166,4711,79),(1167,4712,1),(1168,4712,79),(1169,4713,1),(1170,4713,79),(1171,4714,1),(1172,4714,79),(1173,4715,1),(1174,4715,79),(1175,4716,1),(1176,4716,79),(1177,4717,1),(1178,4717,79),(1179,4721,1),(1180,4721,79),(1181,4721,38),(1182,4722,1),(1183,4722,79),(1184,4722,9),(1185,4724,1),(1186,4724,79),(1187,4724,10),(1188,4500,80),(1189,4501,80),(1190,4502,80),(1191,4503,80),(1192,4513,80),(1193,4504,80),(1194,4505,80),(1195,4505,19),(1196,4506,80),(1197,4506,9),(1198,4507,80),(1199,4507,9),(1200,4508,80),(1201,4508,38),(1202,4509,80),(1203,4509,38),(1204,4550,80),(1205,4551,80),(1206,4552,80),(1207,4553,80),(1208,4800,1),(1209,4800,81),(1210,4801,1),(1211,4801,81),(1212,4802,1),(1213,4802,81),(1214,4803,1),(1215,4803,81),(1216,4804,1),(1217,4804,81),(1218,4805,1),(1219,4805,81),(1220,4806,1),(1221,4806,81),(1222,4807,1),(1223,4807,81),(1224,4810,1),(1225,4810,81),(1226,4810,9),(1227,4811,1),(1228,4811,81),(1229,4811,10),(1230,4850,1),(1231,4850,81),(1232,4850,19),(1233,4851,1),(1234,4851,81),(1235,4851,19),(1236,3300,1),(1237,3300,82),(1238,3301,1),(1239,3301,82),(1240,3301,83),(1241,3302,1),(1242,3302,82),(1243,3302,83),(1244,3303,1),(1245,3303,82),(1246,3303,83),(1247,3304,1),(1248,3304,82),(1249,3304,83),(1250,3305,1),(1251,3305,82),(1252,3305,83),(1253,3306,1),(1254,3306,82),(1255,3306,83),(1256,3320,1),(1257,3320,82),(1258,3330,1),(1259,3330,82),(1260,3330,19),(1261,3332,1),(1262,3332,82),(1263,3332,10),(1264,3331,1),(1265,3331,82),(1266,3331,19),(1267,3334,1),(1268,3334,82),(1269,3333,1),(1270,3333,82),(1271,3333,19),(1272,3351,1),(1273,3351,82),(1274,3351,84),(1275,3352,1),(1276,3352,82),(1277,3352,84),(1278,3353,1),(1279,3353,82),(1280,3353,84),(1281,3354,1),(1282,3354,82),(1283,3354,84),(1284,3355,1),(1285,3355,82),(1286,3355,84),(1287,3356,1),(1288,3356,82),(1289,3356,84),(1290,3357,1),(1291,3357,82),(1292,3357,12),(1293,3390,1),(1294,3390,82),(1295,3100,1),(1296,3100,85),(1297,3101,1),(1298,3101,85),(1299,3102,1),(1300,3102,85),(1301,3102,83),(1302,3103,1),(1303,3103,85),(1304,3103,83),(1305,3104,1),(1306,3104,85),(1307,3104,83),(1308,3105,1),(1309,3105,85),(1310,3105,83),(1311,3106,1),(1312,3106,85),(1313,3106,83),(1314,3107,1),(1315,3107,85),(1316,3108,1),(1317,3108,85),(1318,3108,83),(1319,3109,1),(1320,3109,85),(1321,3109,47),(1322,3151,1),(1323,3151,85),(1324,3151,84),(1325,3152,1),(1326,3152,85),(1327,3152,84),(1328,3153,1),(1329,3153,85),(1330,3153,84),(1331,3154,1),(1332,3154,85),(1333,3154,84),(1334,3155,1),(1335,3155,85),(1336,3155,84),(1337,3156,1),(1338,3156,85),(1339,3156,84),(1340,3158,1),(1341,3158,85),(1342,3158,84),(1343,3190,1),(1344,3190,85),(1345,3190,86),(1346,3191,1),(1347,3191,85),(1348,3191,86),(1349,3191,83),(1350,3600,1),(1351,3600,87),(1352,3601,1),(1353,3601,87),(1354,3601,10),(1355,3602,1),(1356,3602,87),(1357,3602,9),(1358,3603,1),(1359,3603,87),(1360,3651,1),(1361,3651,87),(1362,3651,12),(1363,3700,1),(1364,3700,88),(1365,3701,1),(1366,3701,88),(1367,3702,1),(1368,3702,88),(1369,3702,83),(1370,3751,1),(1371,3751,88),(1372,3751,84),(1373,9700,89),(1374,9701,89),(1375,9701,9),(1376,9702,89),(1377,9702,10),(1378,9703,89),(1379,9704,89),(1380,9705,89),(1381,9705,11),(1382,9705,10),(1383,9706,89),(1384,9707,89),(1385,9707,11),(1386,9750,89),(1387,9750,12),(1388,9751,89),(1389,9751,12),(1390,3800,90),(1391,3800,91),(1392,3801,90),(1393,3801,91),(1394,3801,83),(1395,3802,90),(1396,3802,91),(1397,3802,83),(1398,3851,90),(1399,3851,91),(1400,3851,84),(1401,3852,90),(1402,3852,91),(1403,3852,84),(1404,14100,1),(1405,14100,92),(1406,14101,1),(1407,14101,92),(1408,14101,10),(1409,14110,1),(1410,14110,92),(1411,14111,1),(1412,14111,92),(1413,14112,1),(1414,14112,92),(1415,14120,1),(1416,14120,92),(1417,14120,9),(1418,14121,1),(1419,14121,92),(1420,14122,1),(1421,14122,92),(1422,14123,1),(1423,14123,92),(1424,14151,1),(1425,14151,92),(1426,14200,1),(1427,14200,93),(1428,14201,1),(1429,14201,93),(1430,14201,9),(1431,14202,1),(1432,14202,93),(1433,14202,10),(1434,14203,1),(1435,14203,93),(1436,14203,9),(1437,14251,1),(1438,14251,93),(1439,14251,12),(1440,3500,1),(1441,3500,94),(1442,3501,1),(1443,3501,94),(1444,3502,1),(1445,3502,94),(1446,18100,6),(1447,18101,6),(1448,18102,6),(1449,18103,6),(1450,18103,47),(1451,18104,6),(1452,18105,6),(1453,18106,6),(1454,18106,95),(1455,18107,6),(1456,18107,9),(1457,18108,6),(1458,18109,6),(1459,18110,6),(1460,18110,33),(1461,18110,46),(1462,18111,6),(1463,18111,46),(1464,18112,6),(1465,18112,33),(1466,18112,46),(1467,18113,6),(1468,18113,96),(1469,18114,6),(1470,18114,97),(1471,18114,98),(1472,18115,6),(1473,18115,33),(1474,18115,46),(1475,18116,6),(1476,18116,12),(1477,18117,6),(1478,18117,29),(1479,18118,6),(1480,18118,99),(1481,18119,6),(1482,18119,9),(1483,18120,6),(1484,18125,6),(1485,18125,10),(1486,18126,6),(1487,18126,9),(1488,18127,6),(1489,18127,46),(1490,18128,6),(1491,18128,46),(1492,18129,6),(1493,18129,18),(1494,18130,6),(1495,18130,95),(1496,18131,6),(1497,18131,95),(1498,18131,100),(1499,18132,6),(1500,18132,95),(1501,18132,100),(1502,18133,6),(1503,18133,95),(1504,18133,100),(1505,18134,6),(1506,18134,95),(1507,18134,100),(1508,18135,6),(1509,18135,95),(1510,18136,6),(1511,18136,95),(1512,18137,6),(1513,18137,95),(1514,18138,6),(1515,18138,95),(1516,18139,6),(1517,18139,95),(1518,18140,6),(1519,18140,101),(1520,18141,6),(1521,18141,47),(1522,18141,29),(1523,18142,6),(1524,18142,46),(1525,18143,6),(1526,18143,33),(1527,18143,46),(1528,18144,6),(1529,18144,33),(1530,18144,46),(1531,18145,6),(1532,18145,96),(1533,18146,6),(1534,18147,6),(1535,18148,6),(1536,18149,6),(1537,18200,6),(1538,18200,102),(1539,18200,103),(1540,18201,6),(1541,18201,104),(1542,18201,105),(1543,18202,6),(1544,18202,102),(1545,18202,103),(1546,18203,6),(1547,18203,97),(1548,18203,98),(1549,18204,6),(1550,18204,97),(1551,18204,98),(1552,18205,6),(1553,18205,104),(1554,18205,105),(1555,18206,6),(1556,18206,102),(1557,18206,103),(1558,18207,6),(1559,18207,97),(1560,18207,98),(1561,18208,6),(1562,18208,97),(1563,18208,98),(1564,18209,6),(1565,18209,104),(1566,18209,105),(1567,18210,6),(1568,18210,97),(1569,18210,98),(1570,18211,6),(1571,18211,97),(1572,18211,98),(1573,18212,6),(1574,18212,102),(1575,18212,103),(1576,18213,6),(1577,18213,97),(1578,18213,98),(1579,18214,6),(1580,18214,97),(1581,18214,98),(1582,18215,6),(1583,18215,97),(1584,18215,98),(1585,18216,6),(1586,18216,104),(1587,18216,105),(1588,18217,6),(1589,18217,97),(1590,18217,98),(1591,18218,6),(1592,18218,97),(1593,18218,98),(1594,18219,6),(1595,18219,97),(1596,18219,98),(1597,18220,6),(1598,18220,97),(1599,18220,98),(1600,18221,6),(1601,18221,97),(1602,18221,98),(1603,18222,6),(1604,18222,97),(1605,18222,98),(1606,18223,6),(1607,18223,97),(1608,18223,98),(1609,18224,6),(1610,18225,6),(1611,18225,97),(1612,18225,98),(1613,18226,6),(1614,18226,97),(1615,18226,98),(1616,18227,6),(1617,18227,97),(1618,18227,98),(1619,18228,6),(1620,18228,97),(1621,18228,98),(1622,18229,6),(1623,18229,97),(1624,18229,98),(1625,18230,6),(1626,18230,97),(1627,18230,98),(1628,18231,6),(1629,18231,97),(1630,18231,98),(1631,18232,6),(1632,18232,97),(1633,18232,98),(1634,18233,6),(1635,18233,97),(1636,18233,98),(1637,18234,6),(1638,18234,97),(1639,18234,98),(1640,18235,6),(1641,18235,97),(1642,18235,98),(1643,18236,6),(1644,18236,97),(1645,18236,98),(1646,18237,6),(1647,18237,97),(1648,18237,98),(1649,18238,6),(1650,18238,97),(1651,18238,98),(1652,18239,6),(1653,18239,97),(1654,18239,98),(1655,18240,6),(1656,18240,97),(1657,18240,98),(1658,18241,6),(1659,18241,97),(1660,18241,98),(1661,18242,6),(1662,18242,97),(1663,18242,98),(1664,18243,6),(1665,18243,97),(1666,18243,98),(1667,18244,6),(1668,18244,97),(1669,18244,98),(1670,18245,6),(1671,18245,97),(1672,18245,98),(1673,18246,6),(1674,18246,97),(1675,18246,98),(1676,18247,6),(1677,18247,97),(1678,18247,98),(1679,18248,6),(1680,18248,97),(1681,18248,98),(1682,18249,6),(1683,18249,97),(1684,18249,98),(1685,18250,6),(1686,18250,97),(1687,18250,98),(1688,18251,6),(1689,18251,97),(1690,18251,98),(1691,18252,6),(1692,18252,97),(1693,18252,98),(1694,18253,6),(1695,18253,97),(1696,18253,98),(1697,18254,6),(1698,18254,97),(1699,18254,98),(1700,18255,6),(1701,18255,97),(1702,18255,98),(1703,18256,6),(1704,18256,97),(1705,18256,98),(1706,18121,6),(1707,18170,6),(1708,18170,95),(1709,18170,106),(1710,18171,6),(1711,18171,95),(1712,18171,106),(1713,18172,6),(1714,18172,95),(1715,18172,106),(1716,18180,6),(1717,18180,95),(1718,18181,6),(1719,18181,9),(1720,18151,6),(1721,18152,6),(1722,18152,12),(1723,18153,6),(1724,18154,6),(1725,18155,6),(1726,18156,6),(1727,18156,12),(1728,7500,107),(1729,7501,107),(1730,7502,107),(1731,7503,107),(1732,7504,107),(1733,7504,44),(1734,7505,107),(1735,7505,44),(1736,7506,107),(1737,7506,44),(1738,7507,107),(1739,7508,107),(1740,7509,107),(1741,7510,107),(1742,7511,107),(1743,7512,107),(1744,7513,107),(1745,7514,107),(1746,7550,107),(1747,7600,108),(1748,7600,109),(1749,7610,108),(1750,7610,110),(1751,7611,108),(1752,7611,110),(1753,7612,108),(1754,7612,109),(1755,7613,108),(1756,7613,109),(1757,7701,6),(1758,7701,111),(1759,7710,6),(1760,7710,111),(1761,7710,44),(1762,7711,6),(1763,7711,111),(1764,7711,44),(1765,7712,6),(1766,7712,111),(1767,7712,44),(1768,7720,6),(1769,7720,111),(1770,7720,96),(1771,7731,6),(1772,7731,111),(1773,7750,6),(1774,7750,111),(1775,7751,6),(1776,7751,111),(1777,31200,112),(1778,31201,112),(1779,31202,112),(1780,31203,112),(1781,31204,112),(1782,31205,112),(1783,31205,10),(1784,31206,112),(1785,31251,112),(1786,6100,1),(1787,6100,113),(1788,6101,1),(1789,6101,113),(1790,6102,1),(1791,6102,113),(1792,6103,1),(1793,6103,113),(1794,6103,9),(1795,6104,1),(1796,6104,113),(1797,6104,10),(1798,6105,1),(1799,6105,113),(1800,6105,9),(1801,6106,1),(1802,6106,113),(1803,6106,10),(1804,19100,114),(1805,19101,114),(1806,19102,114),(1807,19103,114),(1808,19104,114),(1809,19105,114),(1810,19106,114),(1811,19107,114),(1812,19110,114),(1813,19110,9),(1814,19111,114),(1815,19111,10),(1816,19112,114),(1817,19112,9),(1818,19113,114),(1819,19113,10),(1820,19120,114),(1821,19120,19),(1822,19121,114),(1823,19122,114),(1824,19123,114),(1825,19123,38),(1826,19150,114),(1827,19150,19),(1828,19151,114),(1829,19151,19),(1830,19152,114),(1831,19152,12),(1832,19153,114),(1833,19153,12),(1834,6300,6),(1835,6300,115),(1836,6301,6),(1837,6301,115),(1838,6301,116),(1839,6302,6),(1840,6302,115),(1841,6302,19),(1842,6303,6),(1843,6303,115),(1844,6303,47),(1845,6304,6),(1846,6304,115),(1847,6304,117),(1848,6305,6),(1849,6305,115),(1850,6305,117),(1851,6306,6),(1852,6306,115),(1853,6306,117),(1854,6307,6),(1855,6307,115),(1856,6307,117),(1857,6308,6),(1858,6308,115),(1859,6308,19),(1860,6308,117),(1861,6309,6),(1862,6309,115),(1863,6309,117),(1864,6310,6),(1865,6310,115),(1866,6310,117),(1867,6311,6),(1868,6311,115),(1869,6311,117),(1870,6322,6),(1871,6322,115),(1872,6322,117),(1873,6322,118),(1874,6312,6),(1875,6312,115),(1876,6312,117),(1877,6313,6),(1878,6313,115),(1879,6313,117),(1880,6314,6),(1881,6314,115),(1882,6314,117),(1883,6315,6),(1884,6315,115),(1885,6315,117),(1886,6316,6),(1887,6316,115),(1888,6316,119),(1889,6317,6),(1890,6317,115),(1891,6317,119),(1892,6318,6),(1893,6318,115),(1894,6318,118),(1895,6319,6),(1896,6319,115),(1897,6319,118),(1898,6320,6),(1899,6320,115),(1900,6320,118),(1901,6323,6),(1902,6323,115),(1903,6323,117),(1904,6321,6),(1905,6321,115),(1906,6321,120),(1907,6350,6),(1908,6350,115),(1909,6351,6),(1910,6351,115),(1911,6351,121),(1912,6352,6),(1913,6352,115),(1914,6352,121),(1915,6354,6),(1916,6354,115),(1917,6354,121),(1918,6355,6),(1919,6355,115),(1920,6355,121),(1921,6356,6),(1922,6356,115),(1923,6356,121),(1924,6357,6),(1925,6357,115),(1926,6357,121),(1927,6358,6),(1928,6358,115),(1929,6358,121),(1930,6359,6),(1931,6359,115),(1932,6359,121),(1933,6360,6),(1934,6360,115),(1935,6360,121),(1936,6361,6),(1937,6361,115),(1938,6361,116),(1939,6362,6),(1940,6362,115),(1941,6362,19),(1942,6363,6),(1943,6363,115),(1944,6363,19),(1945,6364,6),(1946,6364,115),(1947,6364,47),(1948,6365,6),(1949,6365,115),(1950,6365,121),(1951,6366,6),(1952,6366,115),(1953,6366,121),(1954,6367,6),(1955,6367,115),(1956,6367,121),(1957,6368,6),(1958,6368,115),(1959,6368,121),(1960,6369,6),(1961,6369,115),(1962,6369,121),(1963,6370,6),(1964,6370,115),(1965,6370,121),(1966,6371,6),(1967,6371,115),(1968,6371,121),(1969,6372,6),(1970,6372,115),(1971,6372,121),(1972,6373,6),(1973,6373,115),(1974,6373,121),(1975,6374,6),(1976,6374,115),(1977,6374,121),(1978,6376,6),(1979,6376,115),(1980,6376,121),(1981,6200,1),(1982,6200,122),(1983,6201,1),(1984,6201,122),(1985,6202,1),(1986,6202,122),(1987,6203,1),(1988,6203,122),(1989,6210,1),(1990,6210,122),(1991,6210,10),(1992,6211,1),(1993,6211,122),(1994,6211,11),(1995,6212,1),(1996,6212,122),(1997,6212,11),(1998,6250,1),(1999,6250,122),(2000,6251,1),(2001,6251,122),(2002,6252,1),(2003,6252,122),(2004,6253,1),(2005,6253,122),(2006,6253,11),(2007,6254,1),(2008,6254,122),(2009,6255,1),(2010,6255,122),(2011,6255,11),(2012,6256,1),(2013,6256,122),(2014,6256,11),(2015,6257,1),(2016,6257,122),(2017,500,7),(2018,501,7),(2019,502,7),(2020,503,7),(2021,504,7),(2022,509,7),(2023,509,123),(2024,510,7),(2025,510,123),(2026,511,7),(2027,511,123),(2028,512,7),(2029,512,123),(2030,513,7),(2031,513,123),(2032,514,7),(2033,514,123),(2034,515,7),(2035,515,123),(2036,515,124),(2037,516,7),(2038,516,123),(2039,518,7),(2040,518,123),(2041,519,7),(2042,519,123),(2043,530,7),(2044,530,125),(2045,531,7),(2046,531,18),(2047,532,7),(2048,533,7),(2049,534,7),(2050,535,7),(2051,550,7),(2052,550,124),(2053,551,7),(2054,551,124),(2055,552,7),(2056,552,124),(2057,553,7),(2058,553,124),(2059,554,7),(2060,554,124),(2061,555,7),(2062,555,124),(2063,555,126),(2064,580,7),(2065,580,127),(2066,581,7),(2067,581,127),(2068,591,7),(2069,592,7),(2070,592,106),(2071,593,7),(2072,593,99),(2073,594,7),(2074,594,124),(2075,595,7),(2076,595,124),(2077,596,7),(2078,596,124),(2079,597,7),(2080,597,124),(2081,598,7),(2082,598,124),(2083,600,7),(2084,600,128),(2085,601,7),(2086,601,128),(2087,602,7),(2088,602,128),(2089,603,7),(2090,603,128),(2091,604,7),(2092,604,128),(2093,605,7),(2094,605,128),(2095,606,7),(2096,606,128),(2097,40101,1),(2098,40101,106),(2099,40101,11),(2100,40102,1),(2101,40102,106),(2102,40102,15),(2103,40103,1),(2104,40103,106),(2105,40103,15),(2106,40104,1),(2107,40104,106),(2108,40104,15),(2109,40105,1),(2110,40105,106),(2111,40105,15),(2112,40106,1),(2113,40106,106),(2114,40106,15),(2115,40107,1),(2116,40107,106),(2117,40107,15),(2118,40109,1),(2119,40109,106),(2120,40109,15),(2121,40111,1),(2122,40111,106),(2123,40111,12),(2124,40112,1),(2125,40112,106),(2126,40113,1),(2127,40113,106),(2128,40113,44),(2129,40501,1),(2130,40501,129),(2131,40601,1),(2132,40601,14),(2133,51500,130),(2134,51500,1),(2135,51500,131),(2136,51501,130),(2137,51501,1),(2138,51501,131),(2139,51502,130),(2140,51502,1),(2141,51502,131),(2142,51503,130),(2143,51503,1),(2144,51503,131),(2145,51504,130),(2146,51504,1),(2147,51504,131),(2148,51505,130),(2149,51505,1),(2150,51505,131),(2151,51506,130),(2152,51506,1),(2153,51506,131),(2154,51507,130),(2155,51507,1),(2156,51507,131),(2157,51508,130),(2158,51508,1),(2159,51508,131),(2160,51509,130),(2161,51509,1),(2162,51509,131),(2163,51510,130),(2164,51510,1),(2165,51510,131),(2166,51511,130),(2167,51511,1),(2168,51511,131),(2169,51512,130),(2170,51512,1),(2171,51512,131),(2172,51513,130),(2173,51513,1),(2174,51513,131),(2175,51514,130),(2176,51514,1),(2177,51514,131),(2178,51515,130),(2179,51515,1),(2180,51515,131),(2181,51516,130),(2182,51516,1),(2183,51516,131),(2184,51518,130),(2185,51518,1),(2186,51518,131),(2187,51519,130),(2188,51519,1),(2189,51519,131),(2190,51520,130),(2191,51520,1),(2192,51520,131),(2193,51521,130),(2194,51521,1),(2195,51521,132),(2196,51522,130),(2197,51522,1),(2198,51522,132),(2199,51523,130),(2200,51523,1),(2201,51523,131),(2202,51524,130),(2203,51524,1),(2204,51524,131),(2205,51525,130),(2206,51525,1),(2207,51525,131),(2208,51526,130),(2209,51526,1),(2210,51526,131),(2211,51527,130),(2212,51527,1),(2213,51527,131),(2214,51528,130),(2215,51528,1),(2216,51528,131),(2217,51529,130),(2218,51529,1),(2219,51529,131),(2220,51530,130),(2221,51530,1),(2222,51530,131),(2223,51531,130),(2224,51531,1),(2225,51531,133),(2226,51532,130),(2227,51532,1),(2228,51532,131),(2229,52500,134),(2230,52500,135),(2231,52501,134),(2232,52501,135),(2233,52502,134),(2234,52502,135),(2235,52502,44),(2236,52503,134),(2237,52503,135),(2238,52503,44),(2239,52504,134),(2240,52504,135),(2241,52504,44),(2242,52505,134),(2243,52505,135),(2244,52505,44),(2245,52506,134),(2246,52506,135),(2247,52506,44),(2248,52507,134),(2249,52507,135),(2250,52507,44),(2251,52508,134),(2252,52508,135),(2253,52508,44),(2254,52509,134),(2255,52509,135),(2256,51000,1),(2257,51000,13),(2258,51000,136),(2259,51001,1),(2260,51001,13),(2261,51001,136),(2262,51002,1),(2263,51002,13),(2264,51002,136),(2265,51003,1),(2266,51003,13),(2267,51003,137),(2268,51004,1),(2269,51004,13),(2270,51004,138),(2271,51005,1),(2272,51005,13),(2273,51005,136),(2274,51006,1),(2275,51006,13),(2276,51006,139),(2277,51007,1),(2278,51007,13),(2279,51007,138),(2280,51008,1),(2281,51008,13),(2282,51008,139),(2283,51009,1),(2284,51009,13),(2285,51009,140),(2286,100001,130),(2287,100001,1);
/*!40000 ALTER TABLE `signature_category_mapping` ENABLE KEYS */;
UNLOCK TABLES;
/*!40103 SET TIME_ZONE=@OLD_TIME_ZONE */;

/*!40101 SET SQL_MODE=@OLD_SQL_MODE */;
/*!40014 SET FOREIGN_KEY_CHECKS=@OLD_FOREIGN_KEY_CHECKS */;
/*!40014 SET UNIQUE_CHECKS=@OLD_UNIQUE_CHECKS */;
/*!40101 SET CHARACTER_SET_CLIENT=@OLD_CHARACTER_SET_CLIENT */;
/*!40101 SET CHARACTER_SET_RESULTS=@OLD_CHARACTER_SET_RESULTS */;
/*!40101 SET COLLATION_CONNECTION=@OLD_COLLATION_CONNECTION */;
/*!40111 SET SQL_NOTES=@OLD_SQL_NOTES */;

-- Dump completed on 2014-10-02 16:25:36
